disaster_type,model,feature_set,train_mae,train_rmse,train_r2,train_n,train_train_mean_baseline_mae,train_train_mean_baseline_rmse,train_train_mean_baseline_r2,val_mae,val_rmse,val_r2,val_n,val_train_mean_baseline_mae,val_train_mean_baseline_rmse,val_train_mean_baseline_r2,test_mae,test_rmse,test_r2,test_n,test_train_mean_baseline_mae,test_train_mean_baseline_rmse,test_train_mean_baseline_r2,test_minus_train_mae,test_minus_validation_mae,train_minus_test_r2,train_to_validation_mae_change_pct,validation_to_test_mae_change_pct,train_to_test_mae_change_pct,train_to_validation_r2_drop,validation_to_test_r2_drop,stability_assessment
cold_wave,Gradient Boosting,A_weather_region_industry,38.69698957947539,70.14706978001584,0.108590793088092,961,43.82954994591583,74.29694842334747,0.0,56.077942364179655,92.46303839545122,-0.199655778297952,239,54.82565445799788,89.8617069367125,-0.1331036976180959,42.09692846104395,61.23408743446243,-0.020539162925619,170,44.3791603467037,62.36391546748144,-0.0585464590844619,3.399938881568559,-13.981013903135704,0.1291299560137111,44.915516616628494,-24.931396042209663,8.786055242322677,0.308246571386044,-0.179116615372333,train_to_validation_drop
cold_wave,Ridge,A_weather_region_industry,41.39482010708255,70.87562233670049,0.0899781549190845,961,43.82954994591583,74.29694842334747,0.0,52.61858867237396,86.60110367099267,-0.0523669072294386,239,54.82565445799788,89.8617069367125,-0.1331036976180959,42.35808456779247,59.36729535378122,0.0407369788817987,170,44.3791603467037,62.36391546748144,-0.0585464590844619,0.9632644607099152,-10.260504104581493,0.0492411760372858,27.113944537642887,-19.499770638980497,2.3270169026416543,0.1423450621485231,-0.0931038861112373,mixed_or_no_large_gap_by_threshold
cold_wave,CatBoost,A_weather_region_industry,35.48446177313472,53.26222686492692,0.4860786178726529,961,43.82954994591583,74.29694842334747,0.0,57.97275133801357,94.39013561437552,-0.2501828853469727,239,54.82565445799788,89.8617069367125,-0.1331036976180959,44.97850423039032,64.19942722740733,-0.1217742900016969,170,44.3791603467037,62.36391546748144,-0.0585464590844619,9.494042457255604,-12.994247107623252,0.6078529078743499,63.37503358133147,-22.414404712068126,26.755492355934617,0.7362615032196256,-0.1284085953452758,train_only_fit|train_to_validation_drop
cold_wave,Random Forest,A_weather_region_industry,39.59476940672369,65.85256565986249,0.2143964322305827,961,43.82954994591583,74.29694842334747,0.0,61.06141459718381,94.99747627908036,-0.2663229123634394,239,54.82565445799788,89.8617069367125,-0.1331036976180959,45.61270056270369,62.27597269679989,-0.0555631354398844,170,44.3791603467037,62.36391546748144,-0.0585464590844619,6.017931155979994,-15.448714034480126,0.2699595676704671,54.21586111526846,-25.30028846595478,15.198803392849335,0.4807193445940221,-0.21075977692355502,train_to_validation_drop
cold_wave,Extra Trees,A_weather_region_industry,37.64913342277452,61.55125396912629,0.3136717783890882,961,43.82954994591583,74.29694842334747,0.0,58.13758288547992,92.71981923511296,-0.2063282036737452,239,54.82565445799788,89.8617069367125,-0.1331036976180959,46.17005084843698,63.82390063017534,-0.1086893122225838,170,44.3791603467037,62.36391546748144,-0.0585464590844619,8.52091742566246,-11.967532037042943,0.422361090611672,54.41944501785434,-20.584846226952237,22.632439716415973,0.5199999820628334,-0.09763889145116139,train_only_fit|train_to_validation_drop
cold_wave,Linear Regression,A_weather_region_industry,41.160424451449664,69.67513926771286,0.1205447658940768,961,43.82954994591583,74.29694842334747,0.0,52.64377257184773,86.25537082750691,-0.0439810663344288,239,54.82565445799788,89.8617069367125,-0.1331036976180959,47.94322080830111,63.11828426032754,-0.0843102053097455,170,44.3791603467037,62.36391546748144,-0.0585464590844619,6.782796356851449,-4.7005517635466205,0.2048549712038223,27.899003164904478,-8.928979694856299,16.478927142386546,0.1645258322285056,0.0403291389753167,train_to_validation_drop
cold_wave,HistGradientBoosting,A_weather_region_industry,42.74563137630929,72.4094218779896,0.0501649157679254,961,43.82954994591583,74.29694842334747,0.0,67.34954959807742,101.1251140914324,-0.4349553186929873,239,54.82565445799788,89.8617069367125,-0.1331036976180959,48.51924706484071,65.03996235748652,-0.1513403832929336,170,44.3791603467037,62.36391546748144,-0.0585464590844619,5.773615688531415,-18.83030253323671,0.2015052990608591,57.55890702647157,-27.95906230347566,13.506914046265095,0.48512023446091274,-0.2836149354000537,train_to_validation_drop
cold_wave,LightGBM,A_weather_region_industry,42.745694104929576,72.40942187428448,0.0501649158651298,961,43.82954994591583,74.29694842334747,0.0,61.66475624050656,95.6316422663054,-0.2832862971819543,239,54.82565445799788,89.8617069367125,-0.1331036976180959,48.671975580990775,65.14099169600392,-0.1549200132576211,170,44.3791603467037,62.36391546748144,-0.0585464590844619,5.926281476061199,-12.99278065951578,0.205084929122751,44.259574050044904,-21.070026789437048,13.864043151372663,0.3334512130470841,-0.12836628392433322,train_to_validation_drop
cold_wave,XGBoost,A_weather_region_industry,36.14089624146426,56.69146861497288,0.4177714970707852,961,43.82954994591583,74.29694842334747,0.0,59.67534185052011,96.644854596707,-0.3106230544448292,239,54.82565445799788,89.8617069367125,-0.1331036976180959,49.53780825334759,74.92266512367449,-0.5278109222700997,170,44.3791603467037,62.36391546748144,-0.0585464590844619,13.39691201188333,-10.13753359717252,0.9455824193408848,65.11859985933306,-16.987809843747325,37.06856609857152,0.7283945515156144,0.21718786782527055,train_only_fit|train_to_validation_drop
cold_wave,Gradient Boosting,B_plus_past_sales,36.53566227916474,67.8508249401023,0.165995658270695,961,43.82954994591583,74.29694842334747,0.0,55.60552363123671,93.11896052361564,-0.2167365882211136,239,54.82565445799788,89.8617069367125,-0.1331036976180959,41.16953733052481,56.60550732775523,0.1279115201039667,170,44.3791603467037,62.36391546748144,-0.0585464590844619,4.633875051360072,-14.435986300711896,0.0380841381667282,52.19519823224055,-25.961424977216474,12.683156024251518,0.3827322464918086,-0.3446481083250803,train_to_validation_drop
cold_wave,HistGradientBoosting,B_plus_past_sales,30.05168263496125,51.57708067752102,0.5180837609463463,961,43.82954994591583,74.29694842334747,0.0,57.270176524171966,92.77571216656176,-0.2077830283838919,239,54.82565445799788,89.8617069367125,-0.1331036976180959,43.38732808497616,57.59129618376999,0.0972720657127299,170,44.3791603467037,62.36391546748144,-0.0585464590844619,13.335645450014916,-13.882848439195804,0.4208116952336164,90.57227916265,-24.240973717509473,44.37570305797325,0.7258667893302382,-0.3050550940966218,train_only_fit|train_to_validation_drop
cold_wave,Random Forest,B_plus_past_sales,25.774801839639128,50.44912928744536,0.538931558676585,961,43.82954994591583,74.29694842334747,0.0,53.79453677002024,88.49804380722746,-0.0989746409766436,239,54.82565445799788,89.8617069367125,-0.1331036976180959,43.42997535502046,56.54790616647513,0.1296854729615971,170,44.3791603467037,62.36391546748144,-0.0585464590844619,17.655173515381332,-10.364561414999775,0.4092460857149879,108.70979767258385,-19.266940543255984,68.49780504705723,0.6379061996532287,-0.2286601139382407,train_only_fit|train_to_validation_drop
cold_wave,CatBoost,B_plus_past_sales,32.94849370604158,48.92690416391783,0.566335850942115,961,43.82954994591583,74.29694842334747,0.0,56.103125293357394,91.74588965360148,-0.181118744350881,239,54.82565445799788,89.8617069367125,-0.1331036976180959,44.00255739443115,61.25980389506078,-0.0213965339505524,170,44.3791603467037,62.36391546748144,-0.0585464590844619,11.054063688389569,-12.100567898926244,0.5877323848926674,70.27523562653815,-21.568438185312555,33.54952668553297,0.7474545952929961,-0.15972221040032858,train_only_fit|train_to_validation_drop
cold_wave,LightGBM,B_plus_past_sales,29.93851152957058,50.32197558577268,0.5412528148678746,961,43.82954994591583,74.29694842334747,0.0,58.9307940316575,94.81845895692253,-0.2615547827262103,239,54.82565445799788,89.8617069367125,-0.1331036976180959,44.763229710000346,57.50228299797986,0.1000604242493332,170,44.3791603467037,62.36391546748144,-0.0585464590844619,14.824718180429766,-14.167564321657151,0.4411923906185413,96.83942527821043,-24.041020580931537,49.517218535688514,0.8028075975940849,-0.3616152069755435,train_only_fit|train_to_validation_drop
cold_wave,Ridge,B_plus_past_sales,41.287608118909226,70.56807256094191,0.0978587144576744,961,43.82954994591583,74.29694842334747,0.0,53.598451548099256,87.93350623617567,-0.0849984306039961,239,54.82565445799788,89.8617069367125,-0.1331036976180959,45.17630061160269,64.32213782596035,-0.1260667005685292,170,44.3791603467037,62.36391546748144,-0.0585464590844619,3.8886924926934654,-8.422150936496564,0.2239254150262036,29.81728414427527,-15.713422110596841,9.418546314172382,0.1828571450616705,0.0410682699645331,train_to_validation_drop
cold_wave,Extra Trees,B_plus_past_sales,30.93392054440403,53.86905669948009,0.4743014387633062,961,43.82954994591583,74.29694842334747,0.0,56.6016306331602,91.69487106398864,-0.1798055027846836,239,54.82565445799788,89.8617069367125,-0.1331036976180959,46.55574425315013,64.3051357667288,-0.1254714802272443,170,44.3791603467037,62.36391546748144,-0.0585464590844619,15.6218237087461,-10.045886380010067,0.5997729189905505,82.97593592093024,-17.748404538233675,50.500626606064316,0.6541069415479899,-0.0543340225574393,train_only_fit|train_to_validation_drop
cold_wave,XGBoost,B_plus_past_sales,30.868237972958195,47.19693563525657,0.5964608720991984,961,43.82954994591583,74.29694842334747,0.0,59.22632024266212,94.26575340923723,-0.2468902097294258,239,54.82565445799788,89.8617069367125,-0.1331036976180959,47.15015488083462,59.37884341665752,0.0403637529492005,170,44.3791603467037,62.36391546748144,-0.0585464590844619,16.281916907876425,-12.0761653618275,0.5560971191499978,91.86816006325576,-20.389862669753967,52.746505719374184,0.8433510818286242,-0.2872539626786263,train_only_fit|train_to_validation_drop
cold_wave,Linear Regression,B_plus_past_sales,41.02220044069889,69.32852934447466,0.1292729782011041,961,43.82954994591583,74.29694842334747,0.0,53.99246428155112,88.36934478812051,-0.0957805790675194,239,54.82565445799788,89.8617069367125,-0.1331036976180959,51.89435853623346,71.66060662294525,-0.397668366407446,170,44.3791603467037,62.36391546748144,-0.0585464590844619,10.872158095534571,-2.0981057453176533,0.5269413446085502,31.61766970448565,-3.885923291770499,26.503108021353494,0.22505355726862347,0.3018877873399266,train_only_fit|train_to_validation_drop
cold_wave,Gradient Boosting,C_plus_flow_population,36.49449117559447,67.38095168553369,0.1775067768087579,961,43.82954994591583,74.29694842334747,0.0,55.13607970289459,92.5269718021559,-0.2013153516472188,239,54.82565445799788,89.8617069367125,-0.1331036976180959,41.33562742127311,56.772145770714,0.1227693571259439,170,44.3791603467037,62.36391546748144,-0.0585464590844619,4.841136245678641,-13.800452281621482,0.0547374196828139,51.080554699627115,-25.029803272170202,13.265389075806944,0.37882212845597674,-0.3240847087731627,train_to_validation_drop
cold_wave,Ridge,C_plus_flow_population,41.27762713543628,70.56282011273213,0.097993003913645,961,43.82954994591583,74.29694842334747,0.0,53.632759138752846,88.02445171112926,-0.0872439165314702,239,54.82565445799788,89.8617069367125,-0.1331036976180959,42.11980474092271,62.86511046854239,-0.0756290959343251,170,44.3791603467037,62.36391546748144,-0.0585464590844619,0.8421776054864338,-11.512954397830136,0.1736220998479701,29.931788382064852,-21.466272820395215,2.0402762075522274,0.1852369204451152,-0.011614820597145109,train_to_validation_drop
cold_wave,Random Forest,C_plus_flow_population,25.825814940022365,50.4605532182372,0.5387227221553466,961,43.82954994591583,74.29694842334747,0.0,54.38298953220577,88.91602727649138,-0.1093802498382137,239,54.82565445799788,89.8617069367125,-0.1331036976180959,43.45857714177736,57.09076500105972,0.1128952589406403,170,44.3791603467037,62.36391546748144,-0.0585464590844619,17.63276220175499,-10.924412390428415,0.4258274632147062,110.57608311104343,-20.087921764504944,68.27572428093814,0.6481029719935603,-0.222275508778854,train_only_fit|train_to_validation_drop
cold_wave,HistGradientBoosting,C_plus_flow_population,30.127246402928183,51.02083150272573,0.5284224613372799,961,43.82954994591583,74.29694842334747,0.0,56.134694003897145,91.9159024154248,-0.1855002226917308,239,54.82565445799788,89.8617069367125,-0.1331036976180959,44.89762064874565,58.301406009963685,0.0748732639165231,170,44.3791603467037,62.36391546748144,-0.0585464590844619,14.770374245817464,-11.237073355151496,0.4535491974207567,86.32533904074684,-20.018053994150854,49.0266320667855,0.7139226840290107,-0.2603734866082539,train_only_fit|train_to_validation_drop
cold_wave,CatBoost,C_plus_flow_population,33.20187996367965,49.400057444186565,0.5579076957941764,961,43.82954994591583,74.29694842334747,0.0,56.7015942494094,92.93279549515138,-0.2118764099037864,239,54.82565445799788,89.8617069367125,-0.1331036976180959,45.002938192162205,62.60126136018396,-0.0666190678288183,170,44.3791603467037,62.36391546748144,-0.0585464590844619,11.801058228482551,-11.698656057247192,0.6245267636229948,70.77826409660135,-20.63197025076424,35.54334345341896,0.7697841056979629,-0.1452573420749681,train_only_fit|train_to_validation_drop
cold_wave,LightGBM,C_plus_flow_population,29.474362763241707,49.770267416955335,0.5512566812643134,961,43.82954994591583,74.29694842334747,0.0,59.12320182257829,95.13024664418155,-0.2698650621768366,239,54.82565445799788,89.8617069367125,-0.1331036976180959,45.01198296157507,58.25354191696312,0.0763916552760063,170,44.3791603467037,62.36391546748144,-0.0585464590844619,15.537620198333364,-14.111218861003216,0.474865025988307,100.59195951918073,-23.867480829859844,52.71571203470007,0.82112174344115,-0.3462567174528429,train_only_fit|train_to_validation_drop
cold_wave,Extra Trees,C_plus_flow_population,30.83341114917368,53.33323687555715,0.4847073687963814,961,43.82954994591583,74.29694842334747,0.0,56.39230894254079,92.0994431531934,-0.1902394424098825,239,54.82565445799788,89.8617069367125,-0.1331036976180959,46.905953926655584,64.35290912770702,-0.1271443645797103,170,44.3791603467037,62.36391546748144,-0.0585464590844619,16.072542777481907,-9.486355015885202,0.6118517333760918,82.8935133699992,-16.822072360170658,52.12703420883953,0.6749468112062639,-0.06309507783017221,train_only_fit|train_to_validation_drop
cold_wave,XGBoost,C_plus_flow_population,30.57390833969629,47.00553443855989,0.5997272391525421,961,43.82954994591583,74.29694842334747,0.0,58.28767485664884,94.00663296083508,-0.2400446550618062,239,54.82565445799788,89.8617069367125,-0.1331036976180959,47.87088176845168,58.98075473679574,0.0531878408280632,170,44.3791603467037,62.36391546748144,-0.0585464590844619,17.29697342875539,-10.416793088197153,0.5465393983244788,90.64515471504109,-17.871347782899115,56.574296084669996,0.8397718942143483,-0.2932324958898694,train_only_fit|train_to_validation_drop
cold_wave,Linear Regression,C_plus_flow_population,41.00879830766064,69.32619424475448,0.1293316322704415,961,43.82954994591583,74.29694842334747,0.0,53.99002384925936,88.45114734893751,-0.0978102228537998,239,54.82565445799788,89.8617069367125,-0.1331036976180959,48.18213094265549,69.21820326059064,-0.3040186991464266,170,44.3791603467037,62.36391546748144,-0.0585464590844619,7.17333263499485,-5.807892906603868,0.4333503314168682,31.65473283125626,-10.757344584287566,17.49217955907485,0.2271418551242413,0.20620847629262679,train_to_validation_drop
heatwave,Gradient Boosting,A_weather_region_industry,41.38037398258657,80.81418071602495,0.0353059554262618,3786,45.13243898099472,82.27971443454977,0.0,37.8915904436915,65.65380770443814,0.0105441564213497,991,40.40819775090296,66.73052821883455,-0.0221760601044282,37.31085424235383,56.6846192648456,-0.0112588794196706,162,36.89548107819823,56.6124517550707,-0.0086855683848279,-4.069519740232742,-0.5807362013376718,0.0465648348459324,-8.431010170094645,-1.5326255629218632,-9.834419915937087,0.024761799004912096,0.0218030358410203,comparatively_stable_by_threshold
heatwave,Ridge,A_weather_region_industry,43.70583614828927,80.07437956669479,0.0528874024187145,3786,45.13243898099472,82.27971443454977,0.0,39.815094028449714,66.15203808299441,-0.0045302929193371,991,40.40819775090296,66.73052821883455,-0.0221760601044282,38.9405420723853,58.51633625463429,-0.0776708451395786,162,36.89548107819823,56.6124517550707,-0.0086855683848279,-4.765294075903967,-0.8745519560644155,0.1305582475582932,-8.902111165746106,-2.196533695084346,-10.903106989500976,0.0574176953380516,0.0731405522202415,comparatively_stable_by_threshold
heatwave,CatBoost,A_weather_region_industry,40.12875079187175,66.30960352753037,0.3505177134429758,3786,45.13243898099472,82.27971443454977,0.0,43.15721304743239,71.80810516576703,-0.183650576626513,991,40.40819775090296,66.73052821883455,-0.0221760601044282,39.33464415075387,60.93942564873364,-0.1687687564100428,162,36.89548107819823,56.6124517550707,-0.0086855683848279,-0.7941066411178781,-3.8225688966785194,0.5192864698530186,7.5468640209305216,-8.857311737153395,-1.9788969889357633,0.5341682900694887,-0.014881820216470193,mixed_or_no_large_gap_by_threshold
heatwave,Linear Regression,A_weather_region_industry,43.803821060566754,79.98267619799749,0.0550554787185362,3786,45.13243898099472,82.27971443454977,0.0,40.1641467086944,66.61267151960308,-0.0185685984264722,991,40.40819775090296,66.73052821883455,-0.0221760601044282,40.11973184899078,59.626605666308414,-0.1189535396937131,162,36.89548107819823,56.6124517550707,-0.0086855683848279,-3.684089211575973,-0.0444148597036218,0.1740090184122493,-8.309033923866682,-0.11058335192767332,-8.410428867568543,0.0736240771450084,0.1003849412672409,comparatively_stable_by_threshold
heatwave,LightGBM,A_weather_region_industry,40.65254963419207,74.03330099554763,0.190403397832192,3786,45.13243898099472,82.27971443454977,0.0,42.99733900357143,69.30060598936159,-0.1024290394952625,991,40.40819775090296,66.73052821883455,-0.0221760601044282,40.48537351010437,63.08548022888958,-0.252537412740613,162,36.89548107819823,56.6124517550707,-0.0086855683848279,-0.1671761240876961,-2.511965493467052,0.4429408105728051,5.767877760383344,-5.842141750349761,-0.4112315847149106,0.2928324373274545,0.15010837324535048,mixed_or_no_large_gap_by_threshold
heatwave,HistGradientBoosting,A_weather_region_industry,40.80570511470197,74.36915381959018,0.18304124993113,3786,45.13243898099472,82.27971443454977,0.0,43.05677494723336,69.2842431427308,-0.10190850298852,991,40.40819775090296,66.73052821883455,-0.0221760601044282,40.55783998088916,63.274811752059016,-0.2600669004663096,162,36.89548107819823,56.6124517550707,-0.0086855683848279,-0.2478651338128088,-2.498934966344194,0.4431081503974396,5.516556633940728,-5.803813614481513,-0.6074276455120153,0.28494975291964997,0.1581583974777896,mixed_or_no_large_gap_by_threshold
heatwave,XGBoost,A_weather_region_industry,39.32876701268976,66.62872711043119,0.344251234730666,3786,45.13243898099472,82.27971443454977,0.0,42.06735873979026,69.58572211672498,-0.111518913422266,991,40.40819775090296,66.73052821883455,-0.0221760601044282,40.66145850012269,62.6478877419049,-0.235221224986815,162,36.89548107819823,56.6124517550707,-0.0086855683848279,1.3326914874329248,-1.4059002396675735,0.5794724597174811,6.963329733212498,-3.3420216571328654,3.388592088338105,0.455770148152932,0.123702311564549,mixed_or_no_large_gap_by_threshold
heatwave,Extra Trees,A_weather_region_industry,35.22009130628515,66.56365594326455,0.3455314483247392,3786,45.13243898099472,82.27971443454977,0.0,43.34642772048452,71.57450833270009,-0.1759621048766362,991,40.40819775090296,66.73052821883455,-0.0221760601044282,44.17688109659988,67.87691639466625,-0.4500269993824912,162,36.89548107819823,56.6124517550707,-0.0086855683848279,8.95678979031473,0.8304533761153579,0.7955584477072305,23.073013478386972,1.9158519393350337,25.430910193910705,0.5214935532013754,0.27406489450585503,train_only_fit|train_to_validation_drop
heatwave,Random Forest,A_weather_region_industry,36.16692835950748,66.43022462943776,0.3481526707158278,3786,45.13243898099472,82.27971443454977,0.0,42.78931205039414,70.6168684232392,-0.1447047605943239,991,40.40819775090296,66.73052821883455,-0.0221760601044282,44.68350992300413,69.38092593954806,-0.5149980126750731,162,36.89548107819823,56.6124517550707,-0.0086855683848279,8.516581563496644,1.8941978726099864,0.8631506833909008,18.310605824909043,4.426801418025006,23.547981401240104,0.4928574313101517,0.37029325208074915,train_only_fit|train_to_validation_drop
heatwave,Gradient Boosting,B_plus_past_sales,39.8236515300519,80.56066671233458,0.0413489505977751,3786,45.13243898099472,82.27971443454977,0.0,37.50186787955573,65.20261001121972,0.0240972512727647,991,40.40819775090296,66.73052821883455,-0.0221760601044282,34.289097029029826,53.72148419471069,0.0917029881457466,162,36.89548107819823,56.6124517550707,-0.0086855683848279,-5.534554501022072,-3.2127708505259065,-0.0503540375479715,-5.830162632736203,-8.56696221330714,-13.897657016322484,0.017251699325010403,-0.0676057368729819,comparatively_stable_by_threshold
heatwave,LightGBM,B_plus_past_sales,35.883231644587845,63.049610784975336,0.4128091649559805,3786,45.13243898099472,82.27971443454977,0.0,45.608408440342906,71.5749176005966,-0.1759755533773455,991,40.40819775090296,66.73052821883455,-0.0221760601044282,37.49069248591508,58.553307989594586,-0.0790330612422534,162,36.89548107819823,56.6124517550707,-0.0086855683848279,1.6074608413272315,-8.11771595442783,0.4918422261982339,27.102288032694165,-17.798726664724608,4.479699201143972,0.588784718333326,-0.0969424921350921,train_to_validation_drop
heatwave,HistGradientBoosting,B_plus_past_sales,36.215353342429154,64.49567370990728,0.3855654676148894,3786,45.13243898099472,82.27971443454977,0.0,44.57967533231056,70.64660635516046,-0.1456690718317663,991,40.40819775090296,66.73052821883455,-0.0221760601044282,37.60406427524263,59.38624054220841,-0.1099503339401384,162,36.89548107819823,56.6124517550707,-0.0086855683848279,1.388710932813474,-6.97561105706793,0.4955158015550278,23.09606622029541,-15.64751426534533,3.8345916983957506,0.5312345394466558,-0.03571873789162791,train_to_validation_drop
heatwave,CatBoost,B_plus_past_sales,37.555771494712765,60.59200590681386,0.4576931267510352,3786,45.13243898099472,82.27971443454977,0.0,41.328259144770165,66.9644685219497,-0.0293556028143273,991,40.40819775090296,66.73052821883455,-0.0221760601044282,38.20044079478704,59.47159392602206,-0.1131431980620334,162,36.89548107819823,56.6124517550707,-0.0086855683848279,0.6446693000742698,-3.12781834998313,0.5708363248130687,10.045027701237629,-7.56823155562053,1.7165651893612077,0.4870487295653625,0.0837875952477061,mixed_or_no_large_gap_by_threshold
heatwave,XGBoost,B_plus_past_sales,35.94899398975078,59.12594432054832,0.4836185547861806,3786,45.13243898099472,82.27971443454977,0.0,42.59271669745662,68.24954345869696,-0.0692421766182018,991,40.40819775090296,66.73052821883455,-0.0221760601044282,39.26706712461593,62.15330975462238,-0.2157951341372095,162,36.89548107819823,56.6124517550707,-0.0086855683848279,3.318073134865145,-3.325649572840696,0.6994136889233902,18.480969758430497,-7.808024072433217,9.229947118439918,0.5528607314043824,0.1465529575190077,train_to_validation_drop
heatwave,Random Forest,B_plus_past_sales,24.28284503738537,53.49760990613166,0.5772503976133183,3786,45.13243898099472,82.27971443454977,0.0,42.144325377058166,68.90701309795166,-0.0899421056269438,991,40.40819775090296,66.73052821883455,-0.0221760601044282,39.97401099855061,62.65437594778132,-0.2354770926595673,162,36.89548107819823,56.6124517550707,-0.0086855683848279,15.691165961165233,-2.1703143785075625,0.8127274902728856,73.55596229426011,-5.149719111861728,64.61831773421707,0.6671925032402621,0.1455349870326235,train_only_fit|train_to_validation_drop
heatwave,Ridge,B_plus_past_sales,43.57350484506287,79.87450280524992,0.0576097501404635,3786,45.13243898099472,82.27971443454977,0.0,40.342652262739406,68.41706640284323,-0.0744976676406368,991,40.40819775090296,66.73052821883455,-0.0221760601044282,41.55582370942595,68.83089435429866,-0.491072310287824,162,36.89548107819823,56.6124517550707,-0.0086855683848279,-2.01768113563692,1.2131714466865446,0.5486820604282876,-7.414718172916357,3.007168291230644,-4.630522935465764,0.1321074177811003,0.4165746426471872,mixed_or_no_large_gap_by_threshold
heatwave,Extra Trees,B_plus_past_sales,29.049885749837586,58.619315042494286,0.4924300206528196,3786,45.13243898099472,82.27971443454977,0.0,43.16951057628354,71.36678472452765,-0.1691462529909242,991,40.40819775090296,66.73052821883455,-0.0221760601044282,41.97688217761042,66.34135829167933,-0.3851620944315415,162,36.89548107819823,56.6124517550707,-0.0086855683848279,12.926996427772838,-1.192628398673122,0.8775921150843611,48.60475166076994,-2.7626637011917587,44.499302128391705,0.6615762736437438,0.21601584144061728,train_only_fit|train_to_validation_drop
heatwave,Linear Regression,B_plus_past_sales,43.68473075596524,79.78055653430722,0.0598252752689928,3786,45.13243898099472,82.27971443454977,0.0,40.740625575217614,68.97123303035627,-0.091974660010796,991,40.40819775090296,66.73052821883455,-0.0221760601044282,42.94537689557014,71.15951789166388,-0.5936680803339589,162,36.89548107819823,56.6124517550707,-0.0086855683848279,-0.7393538603950986,2.2047513203525284,0.6534933556029517,-6.739437624542532,5.411677629451206,-1.6924766333695218,0.1517999352797888,0.5016934203231629,mixed_or_no_large_gap_by_threshold
heatwave,Gradient Boosting,C_plus_flow_population,39.61525009690808,80.34046109056375,0.0465825676149631,3786,45.13243898099472,82.27971443454977,0.0,37.1824152775271,64.85516117896701,0.0344702361253153,991,40.40819775090296,66.73052821883455,-0.0221760601044282,34.5626076716707,53.80340524350206,0.0889307126357324,162,36.89548107819823,56.6124517550707,-0.0086855683848279,-5.05264242523738,-2.6198076058564013,-0.0423481450207693,-6.1411572902599465,-7.045824178720849,-12.75428632377038,0.012112331489647798,-0.054460476510417105,comparatively_stable_by_threshold
heatwave,LightGBM,C_plus_flow_population,35.24147819001431,62.43164459216384,0.4242631871472627,3786,45.13243898099472,82.27971443454977,0.0,46.26067165129266,71.94887991793804,-0.1882960535559674,991,40.40819775090296,66.73052821883455,-0.0221760601044282,39.78801361493419,59.65373997086246,-0.1199721767339581,162,36.89548107819823,56.6124517550707,-0.0086855683848279,4.546535424919874,-6.4726580363584745,0.5442353638812208,31.267682365266513,-13.991707870453297,12.90109172040388,0.6125592407032301,-0.0683238768220093,train_to_validation_drop
heatwave,CatBoost,C_plus_flow_population,37.33268989694079,60.3869385237613,0.4613576782442125,3786,45.13243898099472,82.27971443454977,0.0,40.80796011780978,66.37894864763051,-0.0114334654533763,991,40.40819775090296,66.73052821883455,-0.0221760601044282,39.820493778034006,62.31011839500231,-0.2219376123980749,162,36.89548107819823,56.6124517550707,-0.0086855683848279,2.487803881093214,-0.9874663397757716,0.6832952906422874,9.308919958520768,-2.4197885337199465,6.663875247031359,0.4727911436975888,0.2105041469446986,mixed_or_no_large_gap_by_threshold
heatwave,HistGradientBoosting,C_plus_flow_population,35.8147425696303,63.78877845358574,0.3989604929609561,3786,45.13243898099472,82.27971443454977,0.0,44.07309170830824,69.85553340204848,-0.120155218500533,991,40.40819775090296,66.73052821883455,-0.0221760601044282,40.49495253905574,60.80606783058976,-0.1636589640116397,162,36.89548107819823,56.6124517550707,-0.0086855683848279,4.680209969425441,-3.578139169252502,0.5626194569725959,23.058518772324632,-8.118647978984384,13.067830825047167,0.519115711461489,0.04350374551110671,train_to_validation_drop
heatwave,Ridge,C_plus_flow_population,42.93282025785442,79.14620847802803,0.074716797882531,3786,45.13243898099472,82.27971443454977,0.0,40.52683291509159,67.60587683685313,-0.0491690724056561,991,40.40819775090296,66.73052821883455,-0.0221760601044282,41.67985317119605,66.10132922155,-0.3751569420467113,162,36.89548107819823,56.6124517550707,-0.0086855683848279,-1.2529670866583729,1.1530202561044618,0.4498737399292424,-5.6040747575222705,2.84507861376726,-2.918436476180808,0.1238858702881871,0.3259878696410552,mixed_or_no_large_gap_by_threshold
heatwave,Random Forest,C_plus_flow_population,23.92120519519276,53.02148476415573,0.5847417983665599,3786,45.13243898099472,82.27971443454977,0.0,41.99795754041003,67.33011671490382,-0.0406275388032109,991,40.40819775090296,66.73052821883455,-0.0221760601044282,42.09479441014875,65.57529426594758,-0.3533570086780664,162,36.89548107819823,56.6124517550707,-0.0086855683848279,18.173589214955992,0.0968368697387234,0.9380988070446264,75.56789968446071,0.23057518843754288,75.97271569999403,0.6253693371697708,0.3127294698748555,train_only_fit|train_to_validation_drop
heatwave,Extra Trees,C_plus_flow_population,26.53228546009402,55.60770476712936,0.543243866407366,3786,45.13243898099472,82.27971443454977,0.0,40.39337369032911,69.65386849116922,-0.1136970347775623,991,40.40819775090296,66.73052821883455,-0.0221760601044282,42.39177136722681,70.26640631746137,-0.5539153810689297,162,36.89548107819823,56.6124517550707,-0.0086855683848279,15.85948590713279,1.998397676897696,1.0971592474762957,52.24234546655588,4.947340353935692,59.774292459601,0.6569409011849283,0.44021834629136736,train_only_fit|train_to_validation_drop
heatwave,Linear Regression,C_plus_flow_population,43.12308325663545,79.03510689518893,0.0773127093530691,3786,45.13243898099472,82.27971443454977,0.0,41.189560656189386,68.25720923539731,-0.0694823842933858,991,40.40819775090296,66.73052821883455,-0.0221760601044282,42.52106861142896,67.4934053173976,-0.4336877066470781,162,36.89548107819823,56.6124517550707,-0.0086855683848279,-0.6020146452064878,1.331507955239573,0.5110004160001472,-4.4837299525621095,3.2326345171625137,-1.3960380375024672,0.14679509364645488,0.3642053223536923,mixed_or_no_large_gap_by_threshold
heatwave,XGBoost,C_plus_flow_population,35.53874832488503,57.91735447757189,0.504513437718515,3786,45.13243898099472,82.27971443454977,0.0,41.88922800056088,67.30535125124987,-0.0398621492548698,991,40.40819775090296,66.73052821883455,-0.0221760601044282,44.08295999784251,67.86326945684438,-0.4494439900155829,162,36.89548107819823,56.6124517550707,-0.0086855683848279,8.54421167295748,2.193731997281631,0.953957427734098,17.869170905012144,5.23698359218332,24.041960045550148,0.5443755869733847,0.4095818407607131,train_only_fit|train_to_validation_drop
