MCT_SGG_CD,MCT_RY_CD,baseline,baseline_source_split
강원 춘천시,LPG가스,175138273.47368422,train
강원 춘천시,ZZ_나머지,3675841637.894737,train
강원 춘천시,가구,22217607.07894737,train
강원 춘천시,가전,65353543.65789474,train
강원 춘천시,게임방/오락실,17217145.86842105,train
강원 춘천시,고속버스/철도/여객선,2924097.777777778,train
강원 춘천시,기타식품,325842697.6315789,train
강원 춘천시,기타요식,544224826.0,train
강원 춘천시,기타유통,46897837.65789474,train
강원 춘천시,기타의료,70064455.76315789,train
강원 춘천시,노래방,21949266.815789472,train
강원 춘천시,농수산물,86077814.34210527,train
강원 춘천시,독서실,2589003.4594594594,train
강원 춘천시,동물병원,33239172.157894738,train
강원 춘천시,"모텔,여관,기타숙박",84696663.65789473,train
강원 춘천시,문화용품,18565798.157894738,train
강원 춘천시,미용서비스,10331955.868421054,train
강원 춘천시,미용실,103256874.23684211,train
강원 춘천시,방문판매/다단계판매,5386911.4,train
강원 춘천시,보건소,452743.92307692306,train
강원 춘천시,사무기기/문구용품,34208791.5,train
강원 춘천시,상품권/복권,41757416.09090909,train
강원 춘천시,생활잡화/수입상품점,70819411.92105263,train
강원 춘천시,서점,18159363.57894737,train
강원 춘천시,세탁소,14275101.263157895,train
강원 춘천시,수제용품점,4753053.459459459,train
강원 춘천시,스포츠/레저용품,161254684.0,train
강원 춘천시,스포츠시설,39113821.578947365,train
강원 춘천시,시계/귀금속,21804640.60526316,train
강원 춘천시,실내/실외골프장,505896609.7894737,train
강원 춘천시,싸우나/목욕탕,11044498.763157895,train
강원 춘천시,악기/음반,2621605.763157895,train
강원 춘천시,안마/마사지,3854120.552631579,train
강원 춘천시,애완동물,18852223.763157893,train
강원 춘천시,약국,210304772.57894737,train
강원 춘천시,양식,85865474.18421052,train
강원 춘천시,여행사/항공사,2652079.3571428573,train
강원 춘천시,연구/번역서비스,28649731.315789472,train
강원 춘천시,영화/공연,7301172.894736842,train
강원 춘천시,예식장/결혼서비스,40752946.0,train
강원 춘천시,오토바이,8635501.516129032,train
강원 춘천시,완구/아동용자전거,8657495.921052631,train
강원 춘천시,유치원,115550068.5945946,train
강원 춘천시,유흥업소,48530496.421052635,train
강원 춘천시,의복/의류,84228613.28947368,train
강원 춘천시,인테리어/건축자재/주방기구,114575762.0,train
강원 춘천시,일반병원,342076695.55263156,train
강원 춘천시,일식,93790491.76315789,train
강원 춘천시,자동차서비스,159680075.4473684,train
강원 춘천시,자동차용품,110072014.18421052,train
강원 춘천시,장례식장/묘지/장의사,16344782.416666666,train
강원 춘천시,전용매장,2273748.0625,train
강원 춘천시,정육점,109217150.73684211,train
강원 춘천시,제과점,83147010.23684211,train
강원 춘천시,종합레저타운/놀이동산,46887700.368421055,train
강원 춘천시,종합병원,180547725.07894737,train
강원 춘천시,주류판매,7461830.2727272725,train
강원 춘천시,주유소,823495194.2105263,train
강원 춘천시,주차장,3728605.3421052634,train
강원 춘천시,중고품판매점,2319354.6315789474,train
강원 춘천시,중식,118867328.84210527,train
강원 춘천시,체인점,242190.0303030303,train
강원 춘천시,치과병원,185415940.52631578,train
강원 춘천시,커피전문점,90982902.92105263,train
강원 춘천시,컴퓨터/소프트웨어,27641877.63157895,train
강원 춘천시,택시,37272642.0,train
강원 춘천시,패션잡화,50502318.44736842,train
강원 춘천시,패스트푸드,59953669.15789474,train
강원 춘천시,편의점,473067961.2631579,train
강원 춘천시,학원/학습지,138604795.71052632,train
강원 춘천시,한식,1498088057.3947368,train
강원 춘천시,한의원,33368089.89473684,train
강원 춘천시,할인점/슈퍼마켓/양판점,1393466642.4473684,train
강원 춘천시,헬스장,53095505.2631579,train
강원 춘천시,호텔/콘도,27427323.05263158,train
강원 춘천시,화원,18110471.657894738,train
강원 춘천시,화장품,17372447.36842105,train
강원 춘천시,회계/변리서비스,2072959.894736842,train
서울 강남구,LPG가스,134730188.46341464,train
서울 강남구,ZZ_나머지,52567709809.95122,train
서울 강남구,가구,199049450.07317072,train
서울 강남구,가전,262654482.0,train
서울 강남구,게임방/오락실,70264054.48780487,train
서울 강남구,결제대행(PG),69968274.53658536,train
서울 강남구,고속버스/철도/여객선,378980847.24390244,train
서울 강남구,기타식품,468450257.26829267,train
서울 강남구,기타요식,3320636999.585366,train
서울 강남구,기타유통,124890179.24390244,train
서울 강남구,기타의료,2845687360.6585364,train
서울 강남구,노래방,71417666.53658536,train
서울 강남구,농수산물,116627456.56097561,train
서울 강남구,독서실,39636661.92682927,train
서울 강남구,동물병원,173662715.9512195,train
서울 강남구,면세점,42032261.29268292,train
서울 강남구,"모텔,여관,기타숙박",183198721.7317073,train
서울 강남구,문화용품,67974512.65853658,train
서울 강남구,미용서비스,126576969.24390244,train
서울 강남구,미용실,875134373.5853659,train
서울 강남구,방문판매/다단계판매,210756994.2682927,train
서울 강남구,백화점,3431039816.5609756,train
서울 강남구,법률/사무서비스,158325608.57894737,train
서울 강남구,보건소,1107016.5357142857,train
서울 강남구,보험,5720496318.512196,train
서울 강남구,부동산중개,3310842.1219512196,train
서울 강남구,사무기기/문구용품,251203424.63414633,train
서울 강남구,상품권/복권,2512262180.121951,train
서울 강남구,생활잡화/수입상품점,473969727.0487805,train
서울 강남구,서점,428209065.8292683,train
서울 강남구,세탁소,57214317.6097561,train
서울 강남구,쇼핑몰,5513596596.170732,train
서울 강남구,수입자동차,248863733.0487805,train
서울 강남구,수제용품점,3888482.9024390243,train
서울 강남구,스포츠/레저용품,722945378.0487804,train
서울 강남구,스포츠시설,107365349.46341464,train
서울 강남구,시계/귀금속,320221797.5365854,train
서울 강남구,실내/실외골프장,63573357.70731708,train
서울 강남구,싸우나/목욕탕,29665427.902439024,train
서울 강남구,악기/음반,20798882.926829267,train
서울 강남구,안마/마사지,44908107.048780486,train
서울 강남구,애완동물,63351062.65853658,train
서울 강남구,약국,982381320.9268292,train
서울 강남구,양식,1479473061.0,train
서울 강남구,여행사/항공사,101558225.92682926,train
서울 강남구,연구/번역서비스,229813876.2682927,train
서울 강남구,영화/공연,88268181.31707317,train
서울 강남구,예식장/결혼서비스,922330445.0731708,train
서울 강남구,오토바이,11328618.097560976,train
서울 강남구,완구/아동용자전거,77928099.07317074,train
서울 강남구,유치원,133338362.325,train
서울 강남구,유흥업소,541475348.9756098,train
서울 강남구,의복/의류,2589278930.3414636,train
서울 강남구,인테리어/건축자재/주방기구,219756768.90243903,train
서울 강남구,일반병원,7741829197.268292,train
서울 강남구,일식,1169268693.9512196,train
서울 강남구,자동차서비스,259467792.53658536,train
서울 강남구,자동차용품,103825111.73170732,train
서울 강남구,장례식장/묘지/장의사,138502928.5121951,train
서울 강남구,전용매장,56606751.048780486,train
서울 강남구,정육점,200824462.6097561,train
서울 강남구,제과점,434109251.4634146,train
서울 강남구,종합병원,2248872790.97561,train
서울 강남구,주류판매,135156392.2195122,train
서울 강남구,주유소,609466177.3170732,train
서울 강남구,주차장,95913161.87804878,train
서울 강남구,중고품판매점,9487579.951219512,train
서울 강남구,중식,849311671.6097561,train
서울 강남구,체인점,2854949.5853658537,train
서울 강남구,치과병원,1090591394.292683,train
서울 강남구,커피전문점,2621419944.487805,train
서울 강남구,컴퓨터/소프트웨어,6959666393.878049,train
서울 강남구,택시,19621667.545454547,train
서울 강남구,"통신요금(이동,시내전화)",382773873.75609756,train
서울 강남구,패션잡화,535285349.902439,train
서울 강남구,패스트푸드,289462774.5121951,train
서울 강남구,편의점,1435010161.878049,train
서울 강남구,학원/학습지,4878514394.439024,train
서울 강남구,한식,5956712027.317073,train
서울 강남구,한의원,445304927.75609756,train
서울 강남구,할인점/슈퍼마켓/양판점,6241950363.0,train
서울 강남구,헬스장,633841934.2439024,train
서울 강남구,호텔/콘도,794371139.1463414,train
서울 강남구,화원,54691079.07317073,train
서울 강남구,화장품,413052780.1707317,train
서울 강남구,회계/변리서비스,117787180.73170732,train
