disaster_type,model,feature_set,train_mae,train_rmse,train_r2,train_n,train_train_mean_baseline_mae,train_train_mean_baseline_rmse,train_train_mean_baseline_r2,val_mae,val_rmse,val_r2,val_n,val_train_mean_baseline_mae,val_train_mean_baseline_rmse,val_train_mean_baseline_r2,test_mae,test_rmse,test_r2,test_n,test_train_mean_baseline_mae,test_train_mean_baseline_rmse,test_train_mean_baseline_r2,test_minus_train_mae,test_minus_validation_mae,train_minus_test_r2
cold_wave,Gradient Boosting,A_weather_region_industry,38.69698957947539,70.14706978001584,0.10859079308809205,961,43.82954994591583,74.29694842334747,0.0,56.077942364179655,92.46303839545122,-0.199655778297952,239,54.82565445799788,89.8617069367125,-0.13310369761809593,42.09692846104395,61.23408743446243,-0.02053916292561908,170,44.3791603467037,62.36391546748144,-0.05854645908446199,3.399938881568559,-13.981013903135704,0.12912995601371113
cold_wave,Ridge,A_weather_region_industry,41.39482010708255,70.87562233670049,0.08997815491908456,961,43.82954994591583,74.29694842334747,0.0,52.61858867237396,86.60110367099267,-0.0523669072294386,239,54.82565445799788,89.8617069367125,-0.13310369761809593,42.35808456779247,59.36729535378122,0.040736978881798724,170,44.3791603467037,62.36391546748144,-0.05854645908446199,0.9632644607099152,-10.260504104581493,0.04924117603728584
cold_wave,Random Forest,A_weather_region_industry,39.59476940672369,65.85256565986249,0.2143964322305827,961,43.82954994591583,74.29694842334747,0.0,61.06141459718381,94.99747627908037,-0.2663229123634394,239,54.82565445799788,89.8617069367125,-0.13310369761809593,45.61270056270369,62.27597269679989,-0.05556313543988445,170,44.3791603467037,62.36391546748144,-0.05854645908446199,6.017931155979994,-15.448714034480126,0.26995956767046714
cold_wave,Extra Trees,A_weather_region_industry,37.64913342277452,61.55125396912629,0.3136717783890882,961,43.82954994591583,74.29694842334747,0.0,58.13758288547992,92.71981923511296,-0.20632820367374527,239,54.82565445799788,89.8617069367125,-0.13310369761809593,46.17005084843698,63.82390063017534,-0.10868931222258382,170,44.3791603467037,62.36391546748144,-0.05854645908446199,8.52091742566246,-11.967532037042943,0.42236109061167204
cold_wave,Linear Regression,A_weather_region_industry,41.160424451449664,69.67513926771286,0.12054476589407681,961,43.82954994591583,74.29694842334747,0.0,52.643772571847734,86.25537082750691,-0.04398106633442889,239,54.82565445799788,89.8617069367125,-0.13310369761809593,47.94322080830111,63.11828426032754,-0.08431020530974553,170,44.3791603467037,62.36391546748144,-0.05854645908446199,6.782796356851449,-4.7005517635466205,0.20485497120382234
cold_wave,HistGradientBoosting,A_weather_region_industry,42.74563137630929,72.4094218779896,0.05016491576792548,961,43.82954994591583,74.29694842334747,0.0,67.34954959807742,101.12511409143241,-0.4349553186929873,239,54.82565445799788,89.8617069367125,-0.13310369761809593,48.519247064840705,65.03996235748652,-0.15134038329293364,170,44.3791603467037,62.36391546748144,-0.05854645908446199,5.7736156885314145,-18.83030253323671,0.20150529906085912
cold_wave,Gradient Boosting,B_plus_past_sales,36.53566227916474,67.8508249401023,0.16599565827069507,961,43.82954994591583,74.29694842334747,0.0,55.60552363123671,93.11896052361564,-0.21673658822111364,239,54.82565445799788,89.8617069367125,-0.13310369761809593,41.16953733052481,56.60550732775523,0.12791152010396678,170,44.3791603467037,62.36391546748144,-0.05854645908446199,4.6338750513600715,-14.435986300711896,0.03808413816672829
cold_wave,HistGradientBoosting,B_plus_past_sales,30.051682634961246,51.57708067752102,0.5180837609463463,961,43.82954994591583,74.29694842334747,0.0,57.270176524171966,92.77571216656176,-0.20778302838389195,239,54.82565445799788,89.8617069367125,-0.13310369761809593,43.38732808497616,57.59129618376999,0.09727206571272995,170,44.3791603467037,62.36391546748144,-0.05854645908446199,13.335645450014916,-13.882848439195804,0.4208116952336164
cold_wave,Random Forest,B_plus_past_sales,25.774801839639128,50.44912928744536,0.538931558676585,961,43.82954994591583,74.29694842334747,0.0,53.79453677002024,88.49804380722746,-0.09897464097664366,239,54.82565445799788,89.8617069367125,-0.13310369761809593,43.42997535502046,56.54790616647513,0.12968547296159716,170,44.3791603467037,62.36391546748144,-0.05854645908446199,17.655173515381332,-10.364561414999777,0.4092460857149879
cold_wave,Ridge,B_plus_past_sales,41.287608118909226,70.56807256094191,0.09785871445767447,961,43.82954994591583,74.29694842334747,0.0,53.598451548099256,87.93350623617567,-0.08499843060399614,239,54.82565445799788,89.8617069367125,-0.13310369761809593,45.17630061160269,64.32213782596035,-0.1260667005685292,170,44.3791603467037,62.36391546748144,-0.05854645908446199,3.8886924926934654,-8.422150936496564,0.22392541502620367
cold_wave,Extra Trees,B_plus_past_sales,30.93392054440403,53.86905669948009,0.4743014387633062,961,43.82954994591583,74.29694842334747,0.0,56.6016306331602,91.69487106398864,-0.17980550278468366,239,54.82565445799788,89.8617069367125,-0.13310369761809593,46.55574425315013,64.3051357667288,-0.1254714802272443,170,44.3791603467037,62.36391546748144,-0.05854645908446199,15.6218237087461,-10.045886380010067,0.5997729189905505
cold_wave,Linear Regression,B_plus_past_sales,41.02220044069889,69.32852934447466,0.12927297820110417,961,43.82954994591583,74.29694842334747,0.0,53.992464281551115,88.36934478812051,-0.09578057906751947,239,54.82565445799788,89.8617069367125,-0.13310369761809593,51.89435853623346,71.66060662294525,-0.39766836640744607,170,44.3791603467037,62.36391546748144,-0.05854645908446199,10.872158095534573,-2.0981057453176533,0.5269413446085502
cold_wave,Gradient Boosting,C_plus_flow_population,36.49449117559447,67.38095168553369,0.17750677680875793,961,43.82954994591583,74.29694842334747,0.0,55.13607970289459,92.5269718021559,-0.2013153516472188,239,54.82565445799788,89.8617069367125,-0.13310369761809593,41.33562742127311,56.772145770714,0.12276935712594395,170,44.3791603467037,62.36391546748144,-0.05854645908446199,4.841136245678641,-13.800452281621482,0.05473741968281398
cold_wave,Ridge,C_plus_flow_population,41.277627135436276,70.56282011273213,0.09799300391364507,961,43.82954994591583,74.29694842334747,0.0,53.632759138752846,88.02445171112926,-0.08724391653147023,239,54.82565445799788,89.8617069367125,-0.13310369761809593,42.11980474092271,62.86511046854239,-0.0756290959343251,170,44.3791603467037,62.36391546748144,-0.05854645908446199,0.8421776054864338,-11.512954397830136,0.17362209984797017
cold_wave,Random Forest,C_plus_flow_population,25.825814940022365,50.4605532182372,0.5387227221553466,961,43.82954994591583,74.29694842334747,0.0,54.38298953220577,88.91602727649138,-0.1093802498382137,239,54.82565445799788,89.8617069367125,-0.13310369761809593,43.458577141777354,57.090765001059715,0.11289525894064034,170,44.3791603467037,62.36391546748144,-0.05854645908446199,17.63276220175499,-10.924412390428415,0.4258274632147062
cold_wave,HistGradientBoosting,C_plus_flow_population,30.127246402928186,51.020831502725734,0.5284224613372799,961,43.82954994591583,74.29694842334747,0.0,56.134694003897145,91.91590241542481,-0.18550022269173083,239,54.82565445799788,89.8617069367125,-0.13310369761809593,44.89762064874565,58.301406009963685,0.07487326391652316,170,44.3791603467037,62.36391546748144,-0.05854645908446199,14.770374245817464,-11.237073355151495,0.4535491974207567
cold_wave,Extra Trees,C_plus_flow_population,30.833411149173678,53.33323687555715,0.48470736879638143,961,43.82954994591583,74.29694842334747,0.0,56.39230894254079,92.0994431531934,-0.19023944240988255,239,54.82565445799788,89.8617069367125,-0.13310369761809593,46.905953926655584,64.35290912770702,-0.12714436457971034,170,44.3791603467037,62.36391546748144,-0.05854645908446199,16.072542777481907,-9.486355015885202,0.6118517333760918
cold_wave,Linear Regression,C_plus_flow_population,41.00879830766064,69.32619424475448,0.12933163227044153,961,43.82954994591583,74.29694842334747,0.0,53.99002384925936,88.45114734893751,-0.09781022285379981,239,54.82565445799788,89.8617069367125,-0.13310369761809593,48.18213094265549,69.21820326059064,-0.30401869914642665,170,44.3791603467037,62.36391546748144,-0.05854645908446199,7.17333263499485,-5.807892906603868,0.4333503314168682
heatwave,Gradient Boosting,A_weather_region_industry,41.38037398258657,80.81418071602495,0.035305955426261804,3786,45.13243898099472,82.27971443454977,0.0,37.8915904436915,65.65380770443814,0.01054415642134976,991,40.408197750902964,66.73052821883455,-0.022176060104428297,37.31085424235383,56.6846192648456,-0.011258879419670631,162,36.89548107819823,56.6124517550707,-0.008685568384827924,-4.069519740232742,-0.5807362013376718,0.046564834845932435
heatwave,Ridge,A_weather_region_industry,43.705836148289265,80.07437956669479,0.05288740241871459,3786,45.13243898099472,82.27971443454977,0.0,39.815094028449714,66.15203808299441,-0.004530292919337153,991,40.408197750902964,66.73052821883455,-0.022176060104428297,38.9405420723853,58.51633625463429,-0.07767084513957867,162,36.89548107819823,56.6124517550707,-0.008685568384827924,-4.765294075903967,-0.8745519560644155,0.13055824755829326
heatwave,Linear Regression,A_weather_region_industry,43.803821060566754,79.98267619799749,0.05505547871853622,3786,45.13243898099472,82.27971443454977,0.0,40.1641467086944,66.61267151960308,-0.018568598426472294,991,40.408197750902964,66.73052821883455,-0.022176060104428297,40.11973184899078,59.626605666308414,-0.11895353969371314,162,36.89548107819823,56.6124517550707,-0.008685568384827924,-3.684089211575973,-0.0444148597036218,0.17400901841224936
heatwave,HistGradientBoosting,A_weather_region_industry,40.80570511470197,74.36915381959018,0.18304124993113002,3786,45.13243898099472,82.27971443454977,0.0,43.05677494723336,69.2842431427308,-0.10190850298852006,991,40.408197750902964,66.73052821883455,-0.022176060104428297,40.55783998088916,63.274811752059016,-0.26006690046630965,162,36.89548107819823,56.6124517550707,-0.008685568384827924,-0.24786513381280884,-2.498934966344194,0.44310815039743967
heatwave,Extra Trees,A_weather_region_industry,35.22009130628515,66.56365594326455,0.34553144832473925,3786,45.13243898099472,82.27971443454977,0.0,43.34642772048452,71.57450833270009,-0.17596210487663622,991,40.408197750902964,66.73052821883455,-0.022176060104428297,44.17688109659988,67.87691639466625,-0.45002699938249124,162,36.89548107819823,56.6124517550707,-0.008685568384827924,8.95678979031473,0.8304533761153579,0.7955584477072305
heatwave,Random Forest,A_weather_region_industry,36.16692835950748,66.43022462943776,0.3481526707158278,3786,45.13243898099472,82.27971443454977,0.0,42.78931205039414,70.6168684232392,-0.1447047605943239,991,40.408197750902964,66.73052821883455,-0.022176060104428297,44.683509923004124,69.38092593954806,-0.5149980126750731,162,36.89548107819823,56.6124517550707,-0.008685568384827924,8.516581563496644,1.8941978726099862,0.8631506833909008
heatwave,Gradient Boosting,B_plus_past_sales,39.8236515300519,80.56066671233458,0.0413489505977751,3786,45.13243898099472,82.27971443454977,0.0,37.50186787955573,65.20261001121972,0.02409725127276474,991,40.408197750902964,66.73052821883455,-0.022176060104428297,34.289097029029826,53.72148419471069,0.09170298814574662,162,36.89548107819823,56.6124517550707,-0.008685568384827924,-5.534554501022072,-3.2127708505259065,-0.05035403754797152
heatwave,HistGradientBoosting,B_plus_past_sales,36.215353342429154,64.49567370990728,0.3855654676148894,3786,45.13243898099472,82.27971443454977,0.0,44.57967533231056,70.64660635516046,-0.14566907183176636,991,40.408197750902964,66.73052821883455,-0.022176060104428297,37.60406427524263,59.38624054220841,-0.10995033394013842,162,36.89548107819823,56.6124517550707,-0.008685568384827924,1.3887109328134741,-6.97561105706793,0.49551580155502783
heatwave,Random Forest,B_plus_past_sales,24.28284503738537,53.49760990613166,0.5772503976133183,3786,45.13243898099472,82.27971443454977,0.0,42.144325377058166,68.90701309795166,-0.08994210562694382,991,40.408197750902964,66.73052821883455,-0.022176060104428297,39.974010998550604,62.65437594778132,-0.2354770926595673,162,36.89548107819823,56.6124517550707,-0.008685568384827924,15.691165961165233,-2.1703143785075625,0.8127274902728856
heatwave,Ridge,B_plus_past_sales,43.57350484506287,79.87450280524992,0.057609750140463545,3786,45.13243898099472,82.27971443454977,0.0,40.342652262739406,68.41706640284323,-0.07449766764063681,991,40.408197750902964,66.73052821883455,-0.022176060104428297,41.55582370942595,68.83089435429866,-0.49107231028782405,162,36.89548107819823,56.6124517550707,-0.008685568384827924,-2.01768113563692,1.2131714466865446,0.5486820604282876
heatwave,Extra Trees,B_plus_past_sales,29.049885749837582,58.619315042494286,0.4924300206528196,3786,45.13243898099472,82.27971443454977,0.0,43.16951057628354,71.36678472452765,-0.16914625299092423,991,40.408197750902964,66.73052821883455,-0.022176060104428297,41.97688217761042,66.34135829167933,-0.3851620944315415,162,36.89548107819823,56.6124517550707,-0.008685568384827924,12.926996427772838,-1.192628398673122,0.8775921150843611
heatwave,Linear Regression,B_plus_past_sales,43.68473075596524,79.78055653430722,0.05982527526899284,3786,45.13243898099472,82.27971443454977,0.0,40.740625575217614,68.97123303035627,-0.09197466001079602,991,40.408197750902964,66.73052821883455,-0.022176060104428297,42.94537689557014,71.15951789166388,-0.5936680803339589,162,36.89548107819823,56.6124517550707,-0.008685568384827924,-0.7393538603950986,2.2047513203525284,0.6534933556029517
heatwave,Gradient Boosting,C_plus_flow_population,39.61525009690808,80.34046109056375,0.046582567614963155,3786,45.13243898099472,82.27971443454977,0.0,37.1824152775271,64.85516117896701,0.0344702361253153,991,40.408197750902964,66.73052821883455,-0.022176060104428297,34.5626076716707,53.80340524350206,0.08893071263573249,162,36.89548107819823,56.6124517550707,-0.008685568384827924,-5.05264242523738,-2.6198076058564013,-0.042348145020769334
heatwave,HistGradientBoosting,C_plus_flow_population,35.8147425696303,63.78877845358574,0.39896049296095615,3786,45.13243898099472,82.27971443454977,0.0,44.07309170830824,69.85553340204848,-0.12015521850053301,991,40.408197750902964,66.73052821883455,-0.022176060104428297,40.49495253905574,60.806067830589754,-0.1636589640116397,162,36.89548107819823,56.6124517550707,-0.008685568384827924,4.680209969425441,-3.578139169252502,0.5626194569725959
heatwave,Ridge,C_plus_flow_population,42.932820257854424,79.14620847802803,0.07471679788253105,3786,45.13243898099472,82.27971443454977,0.0,40.52683291509159,67.60587683685313,-0.049169072405656156,991,40.408197750902964,66.73052821883455,-0.022176060104428297,41.67985317119605,66.10132922155,-0.37515694204671135,162,36.89548107819823,56.6124517550707,-0.008685568384827924,-1.2529670866583729,1.1530202561044618,0.4498737399292424
heatwave,Random Forest,C_plus_flow_population,23.92120519519276,53.02148476415573,0.5847417983665599,3786,45.13243898099472,82.27971443454977,0.0,41.99795754041003,67.33011671490382,-0.040627538803210905,991,40.408197750902964,66.73052821883455,-0.022176060104428297,42.09479441014875,65.57529426594758,-0.3533570086780664,162,36.89548107819823,56.6124517550707,-0.008685568384827924,18.173589214955992,0.09683686973872341,0.9380988070446263
heatwave,Extra Trees,C_plus_flow_population,26.53228546009402,55.60770476712936,0.543243866407366,3786,45.13243898099472,82.27971443454977,0.0,40.39337369032911,69.65386849116922,-0.11369703477756232,991,40.408197750902964,66.73052821883455,-0.022176060104428297,42.39177136722681,70.26640631746137,-0.5539153810689297,162,36.89548107819823,56.6124517550707,-0.008685568384827924,15.85948590713279,1.9983976768976959,1.0971592474762957
heatwave,Linear Regression,C_plus_flow_population,43.12308325663545,79.03510689518893,0.07731270935306911,3786,45.13243898099472,82.27971443454977,0.0,41.189560656189386,68.25720923539731,-0.06948238429338582,991,40.408197750902964,66.73052821883455,-0.022176060104428297,42.52106861142896,67.4934053173976,-0.4336877066470781,162,36.89548107819823,56.6124517550707,-0.008685568384827924,-0.6020146452064878,1.331507955239573,0.5110004160001472
