disaster_type,episode_id,split,date,date_actual_mean,date_predicted_mean,industries_observed,rows
cold_wave,cold_wave|강원 춘천시|20251202|01,train,2025-12-02,9.169699433702693,-12.555206086678302,77,77
cold_wave,cold_wave|강원 춘천시|20251202|01,train,2025-12-03,-19.4430391781397,-15.591960916026931,77,77
cold_wave,cold_wave|강원 춘천시|20251202|01,train,2025-12-04,-3.9848832320551852,-15.890947363429147,76,76
cold_wave,cold_wave|강원 춘천시|20251225|02,train,2025-12-25,-9.981270529939309,-19.872502009762247,73,73
cold_wave,cold_wave|강원 춘천시|20251225|02,train,2025-12-26,21.324441582200457,4.920709385889379,74,74
cold_wave,cold_wave|강원 춘천시|20251225|02,train,2025-12-27,2.5743505081233504,-10.377332031842016,74,74
cold_wave,cold_wave|강원 춘천시|20251230|03,validation,2025-12-30,25.39157224963742,-12.12987042935469,76,76
cold_wave,cold_wave|강원 춘천시|20251230|03,validation,2025-12-31,35.346802138393166,-12.249113498656618,77,77
cold_wave,cold_wave|서울 강남구|20251102|01,test,2025-11-02,-35.4739739982452,-3.8220922800479915,84,84
cold_wave,cold_wave|서울 강남구|20251102|01,test,2025-11-03,5.613994977347301,-2.6785207891682434,86,86
cold_wave,cold_wave|서울 강남구|20251202|02,train,2025-12-02,-2.648277256003956,-5.355114143012557,86,86
cold_wave,cold_wave|서울 강남구|20251202|02,train,2025-12-03,6.8328024780200245,-3.982033680226301,86,86
cold_wave,cold_wave|서울 강남구|20251202|02,train,2025-12-04,6.915285078055427,-4.21484317237765,86,86
cold_wave,cold_wave|서울 강남구|20251225|03,train,2025-12-25,-35.16761015198022,-19.594777515241017,83,83
cold_wave,cold_wave|서울 강남구|20251225|03,train,2025-12-26,29.2035110107262,14.909881539413119,86,86
cold_wave,cold_wave|서울 강남구|20251225|03,train,2025-12-27,-6.193088361099822,-12.425564009338686,83,83
cold_wave,cold_wave|서울 강남구|20251231|04,validation,2025-12-31,31.445087759360927,-8.75679195159001,86,86
heatwave,heatwave|강원 춘천시|20250701|01,validation,2025-07-01,10.914421840431343,0.7025115316039032,77,77
heatwave,heatwave|강원 춘천시|20250707|02,validation,2025-07-07,-3.9519881668726233,5.812767698637031,75,75
heatwave,heatwave|강원 춘천시|20250707|02,validation,2025-07-08,-5.262306761907066,-3.8005558027907003,78,78
heatwave,heatwave|강원 춘천시|20250707|02,validation,2025-07-09,-11.815870884384085,-4.85927547030303,77,77
heatwave,heatwave|강원 춘천시|20250721|03,train,2025-07-21,-7.435282458737395,-7.722886972863944,76,76
heatwave,heatwave|강원 춘천시|20250721|03,train,2025-07-22,3.9010735985113834,-7.706462420707032,78,78
heatwave,heatwave|강원 춘천시|20250721|03,train,2025-07-23,8.506217482838133,-8.012749090123874,78,78
heatwave,heatwave|강원 춘천시|20250721|03,train,2025-07-24,-7.809290433312767,-9.119859303936911,77,77
heatwave,heatwave|강원 춘천시|20250721|03,train,2025-07-25,18.89136839637833,-3.0338515883811623,77,77
heatwave,heatwave|강원 춘천시|20250721|03,train,2025-07-26,13.036698010764828,-3.433066005216483,74,74
heatwave,heatwave|강원 춘천시|20250721|03,train,2025-07-27,-18.765194307116893,-8.790937585555634,74,74
heatwave,heatwave|강원 춘천시|20250721|03,train,2025-07-28,19.92957544921757,-3.300540096993351,77,77
heatwave,heatwave|강원 춘천시|20250721|03,train,2025-07-29,38.684872394372434,-1.5954906648567753,77,77
heatwave,heatwave|강원 춘천시|20250721|03,train,2025-07-30,21.43654363408738,-0.5671723774607489,77,77
heatwave,heatwave|강원 춘천시|20250721|03,train,2025-07-31,10.011802565546073,-3.4621098641311496,78,78
heatwave,heatwave|강원 춘천시|20250721|03,train,2025-08-01,34.14261130933935,-0.37500222067210437,77,77
heatwave,heatwave|강원 춘천시|20250721|03,train,2025-08-02,16.564764017613353,-0.757103247686532,76,76
heatwave,heatwave|강원 춘천시|20250721|03,train,2025-08-03,-23.133400678859154,-11.96515967914189,72,72
heatwave,heatwave|강원 춘천시|20250721|03,train,2025-08-04,21.163936532847636,-3.3572554398655177,78,78
heatwave,heatwave|강원 춘천시|20250721|03,train,2025-08-05,3.3648802553581594,-5.022256653744186,78,78
heatwave,heatwave|강원 춘천시|20250816|04,test,2025-08-16,-1.7926780306471866,-7.270128253612259,76,76
heatwave,heatwave|강원 춘천시|20250818|05,train,2025-08-18,2.5397039291450003,-5.923205002885943,76,76
heatwave,heatwave|강원 춘천시|20250818|05,train,2025-08-19,16.757572602814292,-4.909037717682311,76,76
heatwave,heatwave|강원 춘천시|20250818|05,train,2025-08-20,-2.7117031284316853,-7.376698996661153,76,76
heatwave,heatwave|강원 춘천시|20250818|05,train,2025-08-21,1.9503786678267758,-6.711337449487819,77,77
heatwave,heatwave|강원 춘천시|20250818|05,train,2025-08-22,23.492549910712988,-3.8758630105050216,77,77
heatwave,heatwave|강원 춘천시|20250824|06,train,2025-08-24,-23.01905222142495,-12.190544894599336,70,70
heatwave,heatwave|강원 춘천시|20250824|06,train,2025-08-25,-0.6122053550047993,-6.953601595193058,75,75
heatwave,heatwave|강원 춘천시|20250829|07,train,2025-08-29,28.44576898190005,-5.3775829424652795,78,78
heatwave,heatwave|강원 춘천시|20250829|07,train,2025-08-30,13.029787484110596,-4.162814977425723,75,75
heatwave,heatwave|서울 강남구|20250701|01,validation,2025-07-01,11.801754532887719,4.514596647938324,86,86
heatwave,heatwave|서울 강남구|20250706|02,validation,2025-07-06,-34.15260318268847,3.411025851367648,84,84
heatwave,heatwave|서울 강남구|20250706|02,validation,2025-07-07,2.26775059957655,2.251558177013796,86,86
heatwave,heatwave|서울 강남구|20250706|02,validation,2025-07-08,-8.566522103934439,-2.7569872118306873,86,86
heatwave,heatwave|서울 강남구|20250706|02,validation,2025-07-09,-3.714423435314582,3.231129450638378,86,86
heatwave,heatwave|서울 강남구|20250706|02,validation,2025-07-10,4.382037481272573,2.985529561125316,86,86
heatwave,heatwave|서울 강남구|20250706|02,validation,2025-07-11,5.330908724327692,6.034755813485954,85,85
heatwave,heatwave|서울 강남구|20250706|02,validation,2025-07-12,0.5871224942896602,5.021974859061652,85,85
heatwave,heatwave|서울 강남구|20250723|03,train,2025-07-23,0.9980182760875242,4.478084164371944,86,86
heatwave,heatwave|서울 강남구|20250723|03,train,2025-07-24,9.715283348407786,4.597429788010452,86,86
heatwave,heatwave|서울 강남구|20250723|03,train,2025-07-25,35.89289978016456,5.6331706947632805,86,86
heatwave,heatwave|서울 강남구|20250723|03,train,2025-07-26,-10.832983900354694,-9.580053987130805,85,85
heatwave,heatwave|서울 강남구|20250723|03,train,2025-07-27,-40.56683927632122,-32.640411932937006,84,84
heatwave,heatwave|서울 강남구|20250723|03,train,2025-07-28,23.783907467051762,3.4162763529439424,86,86
heatwave,heatwave|서울 강남구|20250723|03,train,2025-07-29,8.603734067722487,3.245973206180958,86,86
heatwave,heatwave|서울 강남구|20250723|03,train,2025-07-30,5.874795829170084,3.01618002777539,86,86
heatwave,heatwave|서울 강남구|20250723|03,train,2025-07-31,20.193809475646088,3.9665484187409548,86,86
heatwave,heatwave|서울 강남구|20250723|03,train,2025-08-01,15.349304954372743,3.1297014230812623,86,86
heatwave,heatwave|서울 강남구|20250723|03,train,2025-08-02,-11.908355330641996,1.5127479891676687,82,82
heatwave,heatwave|서울 강남구|20250804|04,train,2025-08-04,3.9388726771198224,1.2783579486314023,86,86
heatwave,heatwave|서울 강남구|20250804|04,train,2025-08-05,6.273829712783077,5.268470720570815,86,86
heatwave,heatwave|서울 강남구|20250818|05,train,2025-08-18,8.21892997600854,2.4795636758021873,86,86
heatwave,heatwave|서울 강남구|20250818|05,train,2025-08-19,7.4751149497170974,2.908280434723576,86,86
heatwave,heatwave|서울 강남구|20250818|05,train,2025-08-20,13.225026378679505,2.773649723841187,86,86
heatwave,heatwave|서울 강남구|20250818|05,train,2025-08-21,2.0064181734061295,3.0712947981226306,86,86
heatwave,heatwave|서울 강남구|20250818|05,train,2025-08-22,18.4041712457172,2.052839764395289,86,86
heatwave,heatwave|서울 강남구|20250818|05,train,2025-08-23,-6.166733110758216,0.7848143983639432,85,85
heatwave,heatwave|서울 강남구|20250818|05,train,2025-08-24,-38.270995628290194,-5.36023195520554,84,84
heatwave,heatwave|서울 강남구|20250818|05,train,2025-08-25,13.434762529313915,3.1453186180225345,86,86
heatwave,heatwave|서울 강남구|20250829|06,train,2025-08-29,34.61832236169661,3.2090655867288347,86,86
heatwave,heatwave|서울 강남구|20250905|07,test,2025-09-05,5.239519877349151,1.894995408183828,86,86
