disaster_type,episode_id,split,event_days,actual_y1_day_equal_mean,predicted_y1_day_equal_mean,actual_y1_day_equal_median,predicted_y1_day_equal_median,industries_max_day,rows,actual_y1_row_mean,predicted_y1_row_mean,actual_y1_row_median,actual_y1_row_sd,industry_count,industries_negative_mean,industries_positive_mean,episode_error_y1,episode_absolute_error_y1
cold_wave,cold_wave|서울 강남구|20251102|01,test,2,-14.92998951044895,-3.2503065346081175,-14.92998951044895,-3.2503065346081175,86,170,-14.688295575298405,-3.2435796434852953,-22.260130583202027,60.793832238134264,86,67,19,11.679682975840832,11.679682975840832
cold_wave,cold_wave|강원 춘천시|20251202|01,train,3,-4.752740992164064,-14.679371455378126,-3.9848832320551852,-15.591960916026931,77,230,-4.7560795041645365,-14.674103734038773,-12.168503969230153,85.3734626254152,77,47,30,-9.926630463214062,9.926630463214062
cold_wave,cold_wave|강원 춘천시|20251225|02,train,3,4.639173853461499,-8.443041551904962,2.5743505081233504,-10.377332031842016,74,221,4.705329710399965,-8.39132453625855,-4.717879628503366,86.890737057138,77,37,40,-13.082215405366462,13.082215405366462
cold_wave,cold_wave|서울 강남구|20251202|02,train,3,3.6999367666904988,-4.517330331872169,6.8328024780200245,-4.21484317237765,86,258,3.6999367666904983,-4.517330331872169,0.7642389610384114,52.79355770586023,86,44,42,-8.217267098562669,8.217267098562669
cold_wave,cold_wave|서울 강남구|20251225|03,train,3,-4.052395834117948,-5.703486661722195,-6.193088361099822,-12.425564009338686,86,252,-3.6564921812031366,-5.458089421232489,-9.920592221424986,70.32544954242256,86,57,29,-1.6510908276042473,1.6510908276042473
cold_wave,cold_wave|강원 춘천시|20251230|03,validation,2,30.369187194015293,-12.189491964005654,30.369187194015293,-12.189491964005654,77,153,30.4017206250243,-12.189881647238668,10.402801887032291,94.37660011304644,77,28,49,-42.55867915802095,42.55867915802095
cold_wave,cold_wave|서울 강남구|20251231|04,validation,1,31.445087759360927,-8.75679195159001,31.445087759360927,-8.75679195159001,86,86,31.445087759360927,-8.75679195159001,19.86212786844261,64.10758840272013,86,24,62,-40.201879710950934,40.201879710950934
heatwave,heatwave|강원 춘천시|20250816|04,test,1,-1.7926780306471866,-7.270128253612259,-1.7926780306471866,-7.270128253612259,76,76,-1.7926780306471866,-7.270128253612259,4.424392067803587,72.03557291582516,76,36,40,-5.477450222965072,5.477450222965072
heatwave,heatwave|서울 강남구|20250905|07,test,1,5.239519877349151,1.894995408183828,5.239519877349151,1.894995408183828,86,86,5.239519877349151,1.894995408183828,3.0485103788150374,38.1259338957702,86,39,47,-3.3445244691653233,3.3445244691653233
heatwave,heatwave|강원 춘천시|20250721|03,train,16,9.530698485553026,-4.888868950708581,11.52425028815545,-3.447587934673816,78,1224,9.732427659608584,-4.857573187379875,-0.7845596857896577,99.01106906532364,78,29,49,-14.419567436261607,14.419567436261607
heatwave,heatwave|강원 춘천시|20250818|05,train,5,8.405700396413474,-5.75922843544445,2.5397039291450003,-5.923205002885943,77,382,8.428296018889162,-5.756790591436868,-9.006563435038007,95.75643275533031,77,42,35,-14.164928831857925,14.164928831857925
heatwave,heatwave|강원 춘천시|20250824|06,train,2,-11.815628788214875,-9.572073244896197,-11.815628788214875,-9.572073244896197,75,145,-11.429303842242113,-9.481781119044365,-15.455507078970962,63.026888325748345,77,56,21,2.243555543318678,2.243555543318678
heatwave,heatwave|강원 춘천시|20250829|07,train,2,20.737778233005322,-4.7701989599455015,20.737778233005322,-4.7701989599455015,78,153,20.88891530651306,-4.78210844979883,12.315212769887,86.93585258489074,78,25,53,-25.507977192950825,25.507977192950825
heatwave,heatwave|서울 강남구|20250723|03,train,11,5.191234062845921,-0.8385776231847237,8.603734067722487,3.245973206180958,86,939,5.378602244119069,-0.7715490368864902,-0.4350301815284819,70.7030582744069,86,32,54,-6.029811686030644,6.029811686030644
heatwave,heatwave|서울 강남구|20250804|04,train,2,5.10635119495145,3.273414334601109,5.10635119495145,3.273414334601109,86,172,5.10635119495145,3.2734143346011084,-2.023100875532507,53.73899743839998,86,43,43,-1.8329368603503409,1.8329368603503409
heatwave,heatwave|서울 강남구|20250818|05,train,8,2.2908368142242477,1.4819411822582258,7.847022462862819,2.626606699821687,86,685,2.421612339494337,1.5029360334389874,-3.875563165910023,60.42686908164901,86,43,43,-0.8088956319660219,0.8088956319660219
heatwave,heatwave|서울 강남구|20250829|06,train,1,34.61832236169661,3.2090655867288347,34.61832236169661,3.2090655867288347,86,86,34.61832236169661,3.2090655867288347,16.588520474266254,82.28048687844445,86,26,60,-31.40925677496778,31.40925677496778
heatwave,heatwave|강원 춘천시|20250701|01,validation,1,10.914421840431343,0.7025115316039032,10.914421840431343,0.7025115316039032,77,77,10.914421840431343,0.7025115316039032,-15.060634341605788,94.03510561128645,77,49,28,-10.21191030882744,10.21191030882744
heatwave,heatwave|강원 춘천시|20250707|02,validation,3,-7.010055271054591,-0.9490211914855663,-5.262306761907066,-3.8005558027907003,78,230,-7.029048252355532,-1.0202173323183938,-15.813918627545918,65.5127124974426,78,53,25,6.0610340795690245,6.0610340795690245
heatwave,heatwave|서울 강남구|20250701|01,validation,1,11.801754532887719,4.514596647938324,11.801754532887719,4.514596647938324,86,86,11.801754532887719,4.514596647938324,7.66566734236615,52.950630188926716,86,34,52,-7.287157884949394,7.287157884949394
heatwave,heatwave|서울 강남구|20250706|02,validation,7,-4.837961346067289,2.882712357266008,0.5871224942896602,3.231129450638378,86,598,-4.765995911681853,2.872097084780692,-6.737570775781434,63.20218259868702,86,54,32,7.720673703333297,7.720673703333297
