disaster_type,sample,feature_group,n_rows,baseline_mae,importance_mean_mae_increase,importance_sd_across_permutations,permutation_repeats
heatwave,test_all,weather,162,34.289097029029826,0.0,0.0,50
heatwave,test_all,lag,162,34.289097029029826,7.002850811947167,1.121666840984392,50
heatwave,test_all,rolling,162,34.289097029029826,1.1496383364507996,0.7691927082865407,50
heatwave,test_all,region,162,34.289097029029826,0.0,0.0,50
heatwave,test_all,industry,162,34.289097029029826,1.9399275236632751,0.587920737781985,50
heatwave,test_inside_train_p01_p99,weather,159,32.049565051927935,0.0,0.0,50
heatwave,test_inside_train_p01_p99,lag,159,32.049565051927935,6.778660518705709,1.0692506488675695,50
heatwave,test_inside_train_p01_p99,rolling,159,32.049565051927935,1.435686641272573,0.6751858877476861,50
heatwave,test_inside_train_p01_p99,region,159,32.049565051927935,0.0,0.0,50
heatwave,test_inside_train_p01_p99,industry,159,32.049565051927935,1.4620331552582484,0.531369476075706,50
cold_wave,test_all,weather,170,41.16953733052481,0.0,0.0,50
cold_wave,test_all,lag,170,41.16953733052481,2.4768934602143156,0.7607271183157003,50
cold_wave,test_all,rolling,170,41.16953733052481,0.08527248012312327,0.250850437298649,50
cold_wave,test_all,region,170,41.16953733052481,0.0,0.0,50
cold_wave,test_all,industry,170,41.16953733052481,1.5042898008103784,0.6527073402370488,50
cold_wave,test_inside_train_p01_p99,weather,168,39.32143030203674,0.0,0.0,50
cold_wave,test_inside_train_p01_p99,lag,168,39.32143030203674,2.4571933755653164,0.5309059134777648,50
cold_wave,test_inside_train_p01_p99,rolling,168,39.32143030203674,-0.4376959491095782,0.27242162162323197,50
cold_wave,test_inside_train_p01_p99,region,168,39.32143030203674,0.0,0.0,50
cold_wave,test_inside_train_p01_p99,industry,168,39.32143030203674,0.45085625407593627,0.5361319186236319,50
