disaster_type,sample,feature,feature_group,n_rows,baseline_mae,importance_mean_mae_increase,importance_sd_across_permutations,permutation_repeats
heatwave,test_all,avg_temp,weather,162,34.289097029029826,0.0,0.0,30
heatwave,test_all,min_temp,weather,162,34.289097029029826,0.0,0.0,30
heatwave,test_all,max_temp,weather,162,34.289097029029826,0.0,0.0,30
heatwave,test_all,lag1,lag,162,34.289097029029826,0.19128983767774319,0.24621004255374773,30
heatwave,test_all,lag7,lag,162,34.289097029029826,6.760999198976323,0.9798220250157167,30
heatwave,test_all,rolling7,rolling,162,34.289097029029826,0.4164555262540856,0.5980451928919079,30
heatwave,test_all,rolling28,rolling,162,34.289097029029826,0.4574555608926057,0.37657216836068746,30
heatwave,test_all,MCT_SGG_CD,region,162,34.289097029029826,0.0,0.0,30
heatwave,test_all,MCT_RY_CD,industry,162,34.289097029029826,2.042203282858475,0.47318658146828374,30
heatwave,test_inside_train_p01_p99,avg_temp,weather,159,32.049565051927935,0.0,0.0,30
heatwave,test_inside_train_p01_p99,min_temp,weather,159,32.049565051927935,0.0,0.0,30
heatwave,test_inside_train_p01_p99,max_temp,weather,159,32.049565051927935,0.0,0.0,30
heatwave,test_inside_train_p01_p99,lag1,lag,159,32.049565051927935,0.01910598457466115,0.17780251222263582,30
heatwave,test_inside_train_p01_p99,lag7,lag,159,32.049565051927935,6.384022482124573,0.8289073720246849,30
heatwave,test_inside_train_p01_p99,rolling7,rolling,159,32.049565051927935,0.7654145289182193,0.4777429164277664,30
heatwave,test_inside_train_p01_p99,rolling28,rolling,159,32.049565051927935,0.41361476969180067,0.4487262893031368,30
heatwave,test_inside_train_p01_p99,MCT_SGG_CD,region,159,32.049565051927935,0.0,0.0,30
heatwave,test_inside_train_p01_p99,MCT_RY_CD,industry,159,32.049565051927935,1.4178147684505862,0.3486053303536505,30
cold_wave,test_all,avg_temp,weather,170,41.16953733052481,0.0,0.0,30
cold_wave,test_all,min_temp,weather,170,41.16953733052481,0.0,0.0,30
cold_wave,test_all,max_temp,weather,170,41.16953733052481,0.0,0.0,30
cold_wave,test_all,lag1,lag,170,41.16953733052481,-0.15058946253588038,0.2993364910636098,30
cold_wave,test_all,lag7,lag,170,41.16953733052481,2.172060930790413,0.5311254162374341,30
cold_wave,test_all,rolling7,rolling,170,41.16953733052481,-0.10992457087071798,0.2133420655085005,30
cold_wave,test_all,rolling28,rolling,170,41.16953733052481,0.4838444112503154,0.29087545846773355,30
cold_wave,test_all,MCT_SGG_CD,region,170,41.16953733052481,0.0,0.0,30
cold_wave,test_all,MCT_RY_CD,industry,170,41.16953733052481,1.5148129473248768,0.5226611791149628,30
cold_wave,test_inside_train_p01_p99,avg_temp,weather,168,39.32143030203674,0.0,0.0,30
cold_wave,test_inside_train_p01_p99,min_temp,weather,168,39.32143030203674,0.0,0.0,30
cold_wave,test_inside_train_p01_p99,max_temp,weather,168,39.32143030203674,0.0,0.0,30
cold_wave,test_inside_train_p01_p99,lag1,lag,168,39.32143030203674,-0.1687104357033043,0.31414275777701006,30
cold_wave,test_inside_train_p01_p99,lag7,lag,168,39.32143030203674,2.1692813139364637,0.4989327223089434,30
cold_wave,test_inside_train_p01_p99,rolling7,rolling,168,39.32143030203674,-0.08487589043542533,0.24704664339532673,30
cold_wave,test_inside_train_p01_p99,rolling28,rolling,168,39.32143030203674,-0.10553572836069544,0.2742357013110296,30
cold_wave,test_inside_train_p01_p99,MCT_SGG_CD,region,168,39.32143030203674,0.0,0.0,30
cold_wave,test_inside_train_p01_p99,MCT_RY_CD,industry,168,39.32143030203674,0.4930527544765572,0.5901006789905817,30
