disaster_type,split,industry,episode_count,mean_episode_actual_y1,median_episode_actual_y1,sd_episode_actual_y1,p10_episode_actual_y1,p90_episode_actual_y1,mean_episode_predicted_y1,mean_episode_error_y1,episodes_actual_negative,episodes_predicted_negative,episodes_sign_agree
cold_wave,test,LPG가스,1,-37.12131889666394,-37.12131889666394,,-37.12131889666394,-37.12131889666394,-0.8069321057086563,36.31438679095528,1,1,1
cold_wave,test,ZZ_나머지,1,-34.02585888544854,-34.02585888544854,,-34.02585888544854,-34.02585888544854,-4.401230543006012,29.62462834244253,1,1,1
cold_wave,test,가구,1,-38.778935209550774,-38.778935209550774,,-38.778935209550774,-38.778935209550774,-1.7895018718041689,36.989433337746604,1,1,1
cold_wave,test,가전,1,39.59417907814131,39.59417907814131,,39.59417907814131,39.59417907814131,6.686699147048879,-32.90747993109243,0,0,1
cold_wave,test,게임방/오락실,1,-12.552717880558639,-12.552717880558639,,-12.552717880558639,-12.552717880558639,-3.8182836990164026,8.734434181542236,1,1,1
cold_wave,test,결제대행(PG),1,-26.351600354291566,-26.351600354291566,,-26.351600354291566,-26.351600354291566,0.0813223690858365,26.432922723377402,1,0,0
cold_wave,test,고속버스/철도/여객선,1,3.7206386701892393,3.7206386701892393,,3.7206386701892393,3.7206386701892393,1.251521028779657,-2.469117641409582,0,0,1
cold_wave,test,기타식품,1,-28.364331817160547,-28.364331817160547,,-28.364331817160547,-28.364331817160547,1.251521028779657,29.615852845940204,1,0,0
cold_wave,test,기타요식,1,-30.436352568986123,-30.436352568986123,,-30.436352568986123,-30.436352568986123,1.251521028779657,31.68787359776578,1,0,0
cold_wave,test,기타유통,1,-28.073116653163396,-28.073116653163396,,-28.073116653163396,-28.073116653163396,-0.6051217061943455,27.46799494696905,1,1,1
cold_wave,test,기타의료,1,-74.19270027716209,-74.19270027716209,,-74.19270027716209,-74.19270027716209,1.251521028779657,75.44422130594175,1,0,0
cold_wave,test,노래방,1,-34.408165445096344,-34.408165445096344,,-34.408165445096344,-34.408165445096344,-3.9422702975935,30.465895147502845,1,1,1
cold_wave,test,농수산물,1,-31.838743423530858,-31.838743423530858,,-31.838743423530858,-31.838743423530858,-4.323973475481378,27.51476994804948,1,1,1
cold_wave,test,독서실,1,39.42338546303054,39.42338546303054,,39.42338546303054,39.42338546303054,-11.341870184604383,-50.76525564763492,0,1,0
cold_wave,test,동물병원,1,-24.241108447722628,-24.241108447722628,,-24.241108447722628,-24.241108447722628,-0.8069321057086563,23.43417634201397,1,1,1
cold_wave,test,면세점,1,-10.472127742274218,-10.472127742274218,,-10.472127742274218,-10.472127742274218,-3.3800658932924215,7.092061848981796,1,1,1
cold_wave,test,"모텔,여관,기타숙박",1,-26.514864369708363,-26.514864369708363,,-26.514864369708363,-26.514864369708363,0.22229446153550037,26.737158831243864,1,0,0
cold_wave,test,문화용품,1,-35.93443804872117,-35.93443804872117,,-35.93443804872117,-35.93443804872117,-31.75851250301608,4.175925545705088,1,1,1
cold_wave,test,미용서비스,1,-39.83193317202304,-39.83193317202304,,-39.83193317202304,-39.83193317202304,-0.4421747698405203,39.38975840218252,1,1,1
cold_wave,test,미용실,1,-27.88796536605463,-27.88796536605463,,-27.88796536605463,-27.88796536605463,1.251521028779657,29.139486394834286,1,0,0
cold_wave,test,방문판매/다단계판매,1,-15.06220192742802,-15.06220192742802,,-15.06220192742802,-15.06220192742802,-4.9472352234080335,10.114966704019988,1,1,1
cold_wave,test,백화점,1,-19.423741946277595,-19.423741946277595,,-19.423741946277595,-19.423741946277595,1.251521028779657,20.67526297505725,1,0,0
cold_wave,test,법률/사무서비스,1,-3.177088057171126,-3.177088057171126,,-3.177088057171126,-3.177088057171126,-3.4268196224077303,-0.24973156523660434,1,1,1
cold_wave,test,보건소,1,-34.629876533583136,-34.629876533583136,,-34.629876533583136,-34.629876533583136,-32.84223626341855,1.7876402701645873,1,1,1
cold_wave,test,보험,1,-71.69105613835697,-71.69105613835697,,-71.69105613835697,-71.69105613835697,-5.392771386425128,66.29828475193185,1,1,1
cold_wave,test,부동산중개,1,160.32295493044143,160.32295493044143,,160.32295493044143,160.32295493044143,55.47528516539249,-104.84766976504893,0,0,1
cold_wave,test,사무기기/문구용품,1,-38.68501937321588,-38.68501937321588,,-38.68501937321588,-38.68501937321588,-1.7895018718041689,36.89551750141171,1,1,1
cold_wave,test,상품권/복권,1,136.23578668156878,136.23578668156878,,136.23578668156878,136.23578668156878,1.7591842115997285,-134.47660246996907,0,0,1
cold_wave,test,생활잡화/수입상품점,1,-9.557322582208512,-9.557322582208512,,-9.557322582208512,-9.557322582208512,1.251521028779657,10.808843610988168,1,0,0
cold_wave,test,서점,1,-18.45792133454883,-18.45792133454883,,-18.45792133454883,-18.45792133454883,1.251521028779657,19.709442363328485,1,0,0
cold_wave,test,세탁소,1,23.4135003966638,23.4135003966638,,23.4135003966638,23.4135003966638,-6.197474166118343,-29.610974562782143,0,1,0
cold_wave,test,쇼핑몰,1,106.66490452916685,106.66490452916685,,106.66490452916685,106.66490452916685,1.7591842115997285,-104.90572031756712,0,0,1
cold_wave,test,수입자동차,1,93.60378406815632,93.60378406815632,,93.60378406815632,93.60378406815632,-41.67807560626741,-135.28185967442374,0,1,0
cold_wave,test,수제용품점,1,-71.56922355552743,-71.56922355552743,,-71.56922355552743,-71.56922355552743,-25.360555053163914,46.208668502363516,1,1,1
cold_wave,test,스포츠/레저용품,1,7.040187148277776,7.040187148277776,,7.040187148277776,7.040187148277776,1.251521028779657,-5.788666119498119,0,0,1
cold_wave,test,스포츠시설,1,-14.526371998333389,-14.526371998333389,,-14.526371998333389,-14.526371998333389,0.8455562094621532,15.371928207795541,1,0,0
cold_wave,test,시계/귀금속,1,-10.361749341990997,-10.361749341990997,,-10.361749341990997,-10.361749341990997,0.22229446153550037,10.584043803526498,1,0,0
cold_wave,test,실내/실외골프장,1,3.0598855418068793,3.0598855418068793,,3.0598855418068793,3.0598855418068793,-15.170902943928374,-18.230788485735253,0,1,0
cold_wave,test,싸우나/목욕탕,1,3.7500805648233193,3.7500805648233193,,3.7500805648233193,3.7500805648233193,-3.4085006663216495,-7.158581231144969,0,1,0
cold_wave,test,악기/음반,1,-43.44671731768998,-43.44671731768998,,-43.44671731768998,-43.44671731768998,-11.712524380505128,31.73419293718485,1,1,1
cold_wave,test,안마/마사지,1,-31.023486413318615,-31.023486413318615,,-31.023486413318615,-31.023486413318615,-5.253183652979987,25.770302760338627,1,1,1
cold_wave,test,애완동물,1,9.096387997768769,9.096387997768769,,9.096387997768769,9.096387997768769,-6.575248055000625,-15.671636052769394,0,1,0
cold_wave,test,약국,1,-33.393126811585425,-33.393126811585425,,-33.393126811585425,-33.393126811585425,0.22229446153550037,33.61542127312092,1,0,0
cold_wave,test,양식,1,-51.241770977337154,-51.241770977337154,,-51.241770977337154,-51.241770977337154,1.251521028779657,52.49329200611681,1,0,0
cold_wave,test,여행사/항공사,1,-10.139987785911007,-10.139987785911007,,-10.139987785911007,-10.139987785911007,-4.323973475481378,5.816014310429629,1,1,1
cold_wave,test,연구/번역서비스,1,-43.63444899308445,-43.63444899308445,,-43.63444899308445,-43.63444899308445,1.251521028779657,44.885970021864104,1,0,0
cold_wave,test,영화/공연,1,-39.96912510785013,-39.96912510785013,,-39.96912510785013,-39.96912510785013,-1.9304739642538316,38.0386511435963,1,1,1
cold_wave,test,예식장/결혼서비스,1,6.58530595494247,6.58530595494247,,6.58530595494247,6.58530595494247,16.131697773710922,9.546391818768452,0,0,1
cold_wave,test,오토바이,1,-35.20451513500677,-35.20451513500677,,-35.20451513500677,-35.20451513500677,-45.458353377937655,-10.253838242930883,1,1,1
cold_wave,test,완구/아동용자전거,1,-27.30747405162581,-27.30747405162581,,-27.30747405162581,-27.30747405162581,-6.575248055000625,20.732225996625186,1,1,1
cold_wave,test,유치원,1,-76.3011584531288,-76.3011584531288,,-76.3011584531288,-76.3011584531288,-50.292022654408456,26.00913579872035,1,1,1
cold_wave,test,유흥업소,1,-53.35894333811604,-53.35894333811604,,-53.35894333811604,-53.35894333811604,0.22229446153550037,53.58123779965154,1,0,0
cold_wave,test,의복/의류,1,-9.910800012920344,-9.910800012920344,,-9.910800012920344,-9.910800012920344,1.251521028779657,11.1623210417,1,0,0
cold_wave,test,인테리어/건축자재/주방기구,1,-66.95545058152818,-66.95545058152818,,-66.95545058152818,-66.95545058152818,-6.056502073668684,60.8989485078595,1,1,1
cold_wave,test,일반병원,1,-38.496268604732506,-38.496268604732506,,-38.496268604732506,-38.496268604732506,1.5053526201896927,40.0016212249222,1,0,0
cold_wave,test,일식,1,-38.31577426366652,-38.31577426366652,,-38.31577426366652,-38.31577426366652,1.251521028779657,39.567295292446175,1,0,0
cold_wave,test,자동차서비스,1,-30.450071174955827,-30.450071174955827,,-30.450071174955827,-30.450071174955827,0.22229446153550037,30.672365636491328,1,0,0
cold_wave,test,자동차용품,1,-33.46325429006169,-33.46325429006169,,-33.46325429006169,-33.46325429006169,-5.150217633066784,28.313036656994907,1,1,1
cold_wave,test,장례식장/묘지/장의사,1,-23.626385619707097,-23.626385619707097,,-23.626385619707097,-23.626385619707097,-3.6773116065667426,19.949074013140354,1,1,1
cold_wave,test,전용매장,1,-31.42438972855487,-31.42438972855487,,-31.42438972855487,-31.42438972855487,-3.4432045355850023,27.981185192969868,1,1,1
cold_wave,test,정육점,1,-15.431392563536965,-15.431392563536965,,-15.431392563536965,-15.431392563536965,0.22229446153550037,15.653687025072466,1,0,0
cold_wave,test,제과점,1,-15.11393327194089,-15.11393327194089,,-15.11393327194089,-15.11393327194089,1.251521028779657,16.365454300720547,1,0,0
cold_wave,test,종합병원,1,-27.591133915382265,-27.591133915382265,,-27.591133915382265,-27.591133915382265,1.251521028779657,28.84265494416192,1,0,0
cold_wave,test,주류판매,1,-32.514967590201,-32.514967590201,,-32.514967590201,-32.514967590201,0.16035431858564286,32.67532190878664,1,0,0
cold_wave,test,주유소,1,-9.239599045708253,-9.239599045708253,,-9.239599045708253,-9.239599045708253,1.251521028779657,10.49112007448791,1,0,0
cold_wave,test,주차장,1,-1.1187782102583022,-1.1187782102583022,,-1.1187782102583022,-1.1187782102583022,-1.9304739642538316,-0.8116957539955294,1,1,1
cold_wave,test,중고품판매점,1,55.951882991768535,55.951882991768535,,55.951882991768535,55.951882991768535,-42.862449591357795,-98.81433258312633,0,1,0
cold_wave,test,중식,1,-29.606994930721747,-29.606994930721747,,-29.606994930721747,-29.606994930721747,1.251521028779657,30.858515959501403,1,0,0
cold_wave,test,체인점,1,-14.928283950149693,-14.928283950149693,,-14.928283950149693,-14.928283950149693,-4.522969966631001,10.405313983518692,1,1,1
cold_wave,test,치과병원,1,-27.61648622139074,-27.61648622139074,,-27.61648622139074,-27.61648622139074,0.22229446153550037,27.83878068292624,1,0,0
cold_wave,test,커피전문점,1,-10.175516194234572,-10.175516194234572,,-10.175516194234572,-10.175516194234572,1.251521028779657,11.427037223014228,1,0,0
cold_wave,test,컴퓨터/소프트웨어,1,0.7312320265971571,0.7312320265971571,,0.7312320265971571,0.7312320265971571,1.7591842115997285,1.0279521850025715,0,0,1
cold_wave,test,택시,1,-44.4789205236404,-44.4789205236404,,-44.4789205236404,-44.4789205236404,-22.957941337925583,21.520979185714815,1,1,1
cold_wave,test,"통신요금(이동,시내전화)",1,-16.383272682268853,-16.383272682268853,,-16.383272682268853,-16.383272682268853,1.251521028779657,17.63479371104851,1,0,0
cold_wave,test,패션잡화,1,49.71336534607991,49.71336534607991,,49.71336534607991,49.71336534607991,1.251521028779657,-48.461844317300255,0,0,1
cold_wave,test,패스트푸드,1,-16.617047817002334,-16.617047817002334,,-16.617047817002334,-16.617047817002334,1.251521028779657,17.86856884578199,1,0,0
cold_wave,test,편의점,1,-12.83172926746055,-12.83172926746055,,-12.83172926746055,-12.83172926746055,1.251521028779657,14.083250296240207,1,0,0
cold_wave,test,학원/학습지,1,18.719582633402347,18.719582633402347,,18.719582633402347,18.719582633402347,1.5053526201896927,-17.214230013212653,0,0,1
cold_wave,test,한식,1,-24.583765991875076,-24.583765991875076,,-24.583765991875076,-24.583765991875076,1.251521028779657,25.835287020654732,1,0,0
cold_wave,test,한의원,1,-36.336100949683704,-36.336100949683704,,-36.336100949683704,-36.336100949683704,-3.6773116065667426,32.658789343116965,1,1,1
cold_wave,test,할인점/슈퍼마켓/양판점,1,6.393870566908571,6.393870566908571,,6.393870566908571,6.393870566908571,1.7591842115997285,-4.634686355308843,0,0,1
cold_wave,test,헬스장,1,-4.72323869386269,-4.72323869386269,,-4.72323869386269,-4.72323869386269,1.251521028779657,5.9747597226423474,1,0,0
cold_wave,test,호텔/콘도,1,-39.58058572516633,-39.58058572516633,,-39.58058572516633,-39.58058572516633,1.251521028779657,40.832106753945986,1,0,0
cold_wave,test,화원,1,-14.670908464660497,-14.670908464660497,,-14.670908464660497,-14.670908464660497,-4.341781817683874,10.329126646976624,1,1,1
cold_wave,test,화장품,1,-24.077119449355674,-24.077119449355674,,-24.077119449355674,-24.077119449355674,1.251521028779657,25.32864047813533,1,0,0
cold_wave,test,회계/변리서비스,1,0.41169074322868227,0.41169074322868227,,0.41169074322868227,0.41169074322868227,1.8837430272266484,1.4720522839979662,0,0,1
cold_wave,train,LPG가스,4,-6.185932481373249,-2.6248281394239177,19.138750502154963,-24.884422228361345,9.663673792055382,-1.5883882919766752,4.597544189396573,2,3,3
cold_wave,train,ZZ_나머지,4,1.9313249779361563,2.531610581856866,60.373996988496856,-52.210041969816885,55.59246344255264,-4.684992438713504,-6.616317416649662,2,3,3
cold_wave,train,가구,4,11.056799297001094,17.245403067585013,45.64083420037515,-33.46393385388307,50.62664943141813,-6.2155435326847766,-17.27234282968587,2,4,2
cold_wave,train,가전,4,-15.132214431671404,-17.742470547651077,27.60214168378303,-39.54431920988252,11.368095239323447,-1.780783828356828,13.351430603314576,3,3,2
cold_wave,train,게임방/오락실,4,8.889557622436765,12.841998977512263,40.77097947866612,-29.15014789438811,43.767310055201236,-6.678641708961226,-15.568199331397992,2,4,2
cold_wave,train,결제대행(PG),2,4.193768526211529,4.193768526211529,17.711611767226685,-5.825432102868022,14.21296915529108,-2.197265453512911,-6.39103397972444,1,2,1
cold_wave,train,고속버스/철도/여객선,4,-46.2593584935927,-45.252973651164815,39.009701605072415,-80.95314158349011,-12.370683277637587,-28.422228025282607,17.83713046831009,4,4,4
cold_wave,train,기타식품,4,-7.9285413736016555,-10.667657562440608,19.08804272027329,-24.043375272132696,10.377585476000549,-0.38762396352515816,7.5409174100764975,2,3,3
cold_wave,train,기타요식,4,1.6395929987681066,0.9119954305258364,9.461732676230785,-6.818774285425832,10.680038337555862,-0.38762396352515816,-2.0272169622932648,2,3,3
cold_wave,train,기타유통,4,9.004677496517285,-8.837670868215268,50.58507501499337,-25.524246175817982,57.80747986063861,-3.4646927546162765,-12.469370251133562,3,4,3
cold_wave,train,기타의료,4,5.394129565393559,-6.047995798161257,57.37183751489883,-38.65999839397466,58.601957815605644,-1.1913048028528324,-6.585434368246391,3,3,2
cold_wave,train,노래방,4,-4.38678751992988,-1.9689099362351197,22.010063541645998,-25.49286690257564,14.784989795760076,-5.6535767532163925,-1.266789233286512,2,4,2
cold_wave,train,농수산물,4,2.668252868665799,3.2052194799278295,5.7862737794301164,-2.7744250323737267,7.6813574806957,-0.7847390074750326,-3.452991876140831,2,3,3
cold_wave,train,독서실,4,3.672332456833775,5.436579071090989,90.84161143816814,-81.64644582361841,87.5797134458802,-20.78631025893524,-24.458642715769013,2,4,2
cold_wave,train,동물병원,4,2.343556152961824,1.4099003452797576,11.138759332085378,-7.135838937005014,12.569875889074318,-4.346492465488742,-6.690048618450566,1,4,1
cold_wave,train,면세점,2,-35.212250304441795,-35.212250304441795,56.30828311591092,-67.06502536702786,-3.359475241855722,-18.511586444404806,16.70066386003699,1,2,1
cold_wave,train,"모텔,여관,기타숙박",4,8.233736544368067,2.7220704475120563,32.57080757960703,-19.341420742648275,40.218226708869224,-3.552572853003457,-11.786309397371525,2,4,2
cold_wave,train,문화용품,4,-41.677261510313286,-41.37981932937624,37.21094691556348,-75.54014146193767,-8.05233530343855,-25.198087447031952,16.479174063281334,3,4,3
cold_wave,train,미용서비스,4,16.444349333617723,16.944341859256724,29.672936607825903,-11.219120093495617,43.70782474021986,-7.135923679254904,-23.580273012872627,1,3,2
cold_wave,train,미용실,4,-1.3924571151551273,-2.2714032982825576,9.220786361815662,-9.427691178400227,7.345933894591919,-0.5906063731839094,0.8018507419712176,2,3,3
cold_wave,train,방문판매/다단계판매,4,13.161253558827651,-6.204849829414311,73.96884834774974,-39.85402568081988,81.66941550906878,-7.748529721780392,-20.909783280608046,3,4,3
cold_wave,train,백화점,2,15.922156785085068,15.922156785085068,35.792235512757934,-4.3249891708326125,36.16930274100275,-1.494707266525999,-17.416864051611068,1,2,1
cold_wave,train,법률/사무서비스,2,-5.408664094655094,-5.408664094655094,55.415957964356906,-36.756663824691444,25.939335635381255,-0.8147834620636127,4.593880632591482,1,2,1
cold_wave,train,보건소,4,-19.6220243234796,-18.107475218934326,16.5628416321544,-35.5848313094395,-4.870856621155911,-29.789975028058716,-10.16795070457912,4,4,4
cold_wave,train,보험,2,10.515524978638815,10.515524978638815,97.16709390773373,-44.450483829640056,65.4815337869177,-10.308764608466523,-20.82428958710534,1,1,2
cold_wave,train,부동산중개,2,167.63538056127197,167.63538056127197,18.252902085095158,157.30997988870809,177.96078123383586,43.90400534824908,-123.7313752130229,0,0,2
cold_wave,train,사무기기/문구용품,4,15.768131047951872,14.796824643695192,40.94395924887463,-21.361731760089384,53.67503897939848,-2.2759839389332805,-18.044114986885155,2,4,2
cold_wave,train,상품권/복권,4,-11.283418685383229,-37.5931121334343,84.08228545729126,-69.63142467366735,68.11234206134179,-13.434338362445105,-2.1509196770618795,3,4,3
cold_wave,train,생활잡화/수입상품점,4,14.730896298729586,18.4271707594982,24.287446868100727,-8.82999492876335,35.33476795760763,-0.9259057620738543,-15.65680206080344,1,3,2
cold_wave,train,서점,4,16.129756560914146,3.2817101312073285,52.69176386896318,-22.34420428625201,64.88215455184577,-6.116635664038019,-22.246392224952164,1,4,1
cold_wave,train,세탁소,4,-3.8431065611983097,-1.1574079994157458,18.11279080707831,-20.950194729190123,11.115422757367458,-8.047931041971925,-4.204824480773616,2,4,2
cold_wave,train,쇼핑몰,2,11.876563004211823,11.876563004211823,29.616140653917004,-4.876856106955622,28.62998211537927,-1.4100967360559866,-13.286659740267808,1,1,2
cold_wave,train,수입자동차,2,-55.87339149600831,-55.87339149600831,1.0109439874284947,-56.44526777513668,-55.30151521687995,-30.720885135068634,25.15250636093968,2,2,2
cold_wave,train,수제용품점,4,-47.6375860409334,-51.56212867528837,20.012970882359497,-64.13955186259264,-27.99598611179017,-33.35620529612789,14.28138074480551,4,4,4
cold_wave,train,스포츠/레저용품,4,4.948152058307786,-16.10863673467313,44.35982138943945,-18.829580304270973,45.57131545527129,-0.730699485939877,-5.678851544247662,3,3,4
cold_wave,train,스포츠시설,4,-0.023944277091024535,-5.281585162450397,24.366956157472284,-19.86910279200368,24.027326946109135,-4.467287261024172,-4.443342983933148,2,4,2
cold_wave,train,시계/귀금속,4,16.950047347106228,-10.079552527971995,90.21250702806763,-51.15579637340417,106.67957096767923,-4.163200452097135,-21.11324779920336,2,4,2
cold_wave,train,실내/실외골프장,4,-47.93301366012538,-44.068523539146476,40.52358569564054,-86.27807491519158,-12.679544501842326,-31.765866220093425,16.16714744003196,4,4,4
cold_wave,train,싸우나/목욕탕,4,7.788783788984386,10.52348728563887,35.63798356957167,-26.23610985665944,39.62591463730463,-8.779678751599777,-16.56846254058416,2,4,2
cold_wave,train,악기/음반,4,12.42746570112853,2.141628098078174,87.79519576693704,-64.3100564921912,97.39365797688856,-34.72230965379654,-47.14977535492507,2,4,2
cold_wave,train,안마/마사지,4,-7.382975009499492,-13.48686148001897,28.128092641214014,-29.4916824157181,19.608841573134704,-19.921621575570157,-12.538646566070668,3,4,3
cold_wave,train,애완동물,4,16.08648760246105,-9.415373936648185,64.6328481155542,-23.98962746411907,76.56409190032859,-8.907739922329192,-24.994227524790244,3,4,3
cold_wave,train,약국,4,-10.715607324787344,-9.493891157306042,19.264797690107876,-28.564847417142012,6.156259833582284,-0.38762396352515816,10.327983361262186,2,3,1
cold_wave,train,양식,4,14.496333199861663,4.360154719221685,38.09313320683935,-15.145116168990409,52.24672535322573,-0.3226439159328126,-14.818977115794475,2,3,3
cold_wave,train,여행사/항공사,2,50.001850088120406,50.001850088120406,136.88905885657084,-27.434295342060132,127.43799551830094,-1.9325698457219507,-51.93441993384235,1,1,2
cold_wave,train,연구/번역서비스,4,-11.996441014428882,-14.350507634424297,14.999102785180302,-24.181468080184267,2.071839347322838,-3.4900646146055534,8.506376399823328,3,4,3
cold_wave,train,영화/공연,4,-6.459157384189492,-12.19976714456994,28.682867671980997,-29.99348266287636,21.667655702801742,-8.493713771218285,-2.0345563870287933,3,4,3
cold_wave,train,예식장/결혼서비스,4,-50.1945972840953,-51.57164219054732,34.20295797173257,-80.06844832121263,-19.21911032181636,-34.83209167482259,15.36250560927271,4,4,4
cold_wave,train,오토바이,4,27.37081349016264,-22.95754070581732,148.48405718513823,-74.61743543102446,169.62174576813374,-27.285034658793872,-54.655848148956515,3,4,3
cold_wave,train,완구/아동용자전거,4,32.277178757129114,-2.575340467807802,101.40433172244842,-40.031435379653104,132.4678082738609,-12.07567654882121,-44.35285530595032,2,4,2
cold_wave,train,유치원,4,-69.66613368352235,-71.79075510898492,15.432094331621942,-82.88712596313384,-54.7454442635408,-53.881268087799484,15.784865595722872,4,4,4
cold_wave,train,유흥업소,4,-4.20252752693284,-10.057853125595939,29.631523973487496,-28.65562580303023,24.93483122809503,-3.591739631617508,0.6107878953153323,2,3,3
cold_wave,train,의복/의류,4,22.447604860156176,1.208049091668146,48.97053377277448,-6.491362736154545,68.37821707125734,-0.5906063731839094,-23.038211233340085,2,3,3
cold_wave,train,인테리어/건축자재/주방기구,4,11.362424909880493,8.193626283077824,35.721912040914596,-20.1065560131466,45.36644473434973,-1.073775008354596,-12.43619991823509,2,3,1
cold_wave,train,일반병원,4,-4.164187648273752,-0.48481438228895346,16.48856636130509,-20.274693328419037,9.002819419083696,-1.07226159389148,3.0919260543822724,2,2,2
cold_wave,train,일식,4,13.246382865984804,9.967513650370407,10.149987704867781,6.190782909038511,22.925078195422618,-0.1382802035619538,-13.384663069546757,0,3,1
cold_wave,train,자동차서비스,4,4.680275350536632,1.2295707512843688,40.42039934681696,-30.425201503534836,42.546315884009914,-0.7306994859398772,-5.410974836476507,2,3,1
cold_wave,train,자동차용품,4,6.729927344190889,-5.967850697152569,66.65483269608018,-48.82889138217081,72.44696850362737,-0.5066687796856367,-7.2365961238765255,2,2,2
cold_wave,train,장례식장/묘지/장의사,4,-8.36912343106734,1.594271281876014,63.6189537788115,-68.96864597696562,44.25968334447627,-13.310113125035821,-4.940989693968481,2,4,2
cold_wave,train,전용매장,4,18.2315090399127,10.15702053002996,26.293638074183953,-0.446630184247478,43.36923907197908,1.618395222561435,-16.61311381735127,1,1,4
cold_wave,train,정육점,4,0.7185628444996968,-6.6252370432052645,21.796841498704776,-14.635021824020084,21.94718742318345,-0.8052282030676884,-1.5237910475673853,3,3,4
cold_wave,train,제과점,4,1.0640009353417719,-2.47175649828645,13.668561586656065,-9.580850303540936,14.53745812112706,-0.6542925265486025,-1.7182934618903745,2,3,3
cold_wave,train,종합레저타운/놀이동산,2,-16.732037018056932,-16.732037018056932,97.4473620527433,-71.85658943104528,38.39251539493142,-29.308522964788867,-12.576485946731935,1,2,1
cold_wave,train,종합병원,4,-5.012677294385261,-5.151660929382539,33.30117949422345,-35.51579206094218,25.601624380169483,-0.5591617247325176,4.453515569652743,2,3,1
cold_wave,train,주류판매,4,-17.21697968380165,3.2413050194703894,53.61460415809319,-67.08998515290065,16.289398022679737,-5.3430450282834645,11.873934655518184,1,3,0
cold_wave,train,주유소,4,-1.734363871142183,-0.7992186387069475,12.006973514601023,-12.829004046955905,8.61216011872335,-0.38762396352515816,1.3467399076170246,2,3,1
cold_wave,train,주차장,4,8.710962568227938,1.5505486298753386,49.27404378666144,-33.57985574890827,56.73011203604624,-12.355143692818011,-21.06610626104595,2,4,2
cold_wave,train,중고품판매점,4,-24.954861510990995,-24.35509061796537,38.54567245674544,-60.34468456947908,9.9551448330766,-32.21025319687657,-7.255391685885579,3,4,3
cold_wave,train,중식,4,7.726522722976281,7.850434580135439,11.148929963752229,-2.154929569288943,17.50884552951418,-0.25895776256811964,-7.985480485544401,2,3,3
cold_wave,train,체인점,4,-32.18404486219824,-26.438400617869934,38.08983167673942,-69.46656139684112,0.5019562769819923,-29.403549058034802,2.7804958041634413,3,4,3
cold_wave,train,치과병원,4,0.30497660299245233,-3.638649445770806,25.07194562672372,-20.89700728647664,24.661861331472153,-0.4899507636629479,-0.7949273666553998,2,3,1
cold_wave,train,커피전문점,4,-2.7971947111608095,-2.6970463772808904,10.047837195348183,-11.650488432887125,5.975980343461569,-0.6542925265486025,2.1429021846122067,2,3,3
cold_wave,train,컴퓨터/소프트웨어,4,2.466766395916034,4.227122233273075,61.590410260472616,-52.44160373750826,55.96685185945471,-3.855363629738298,-6.322130025654331,2,3,1
cold_wave,train,택시,4,19.566613804047815,1.6481930511524734,75.96531743639592,-39.69342020633009,93.16138441674201,-7.7794858142274546,-27.346099618275268,2,3,3
cold_wave,train,"통신요금(이동,시내전화)",2,-1.909902786329555,-1.909902786329555,15.350976439798133,-10.593726417062502,6.773920844403394,-1.6639283274660222,0.24597445886353242,1,2,1
cold_wave,train,패션잡화,4,10.223082293632658,19.40635764563139,24.840933385357594,-13.288872828387689,26.388417134054023,-4.606460986520786,-14.829543280153445,1,4,1
cold_wave,train,패스트푸드,4,-4.905238451045692,-2.903712305532126,9.54601815416101,-14.229728757642157,2.818030939139918,-2.5850631123591263,2.320175338686566,3,4,3
cold_wave,train,편의점,4,-7.1775913014350765,-7.773132000784575,10.580994042768577,-16.293421994688924,2.4146719512983705,-0.38762396352515816,6.789967337909919,3,3,2
cold_wave,train,학원/학습지,4,15.27159458108911,14.265316735726483,33.559142724715706,-15.354471116113105,46.70268255458143,-1.1183763309588528,-16.389970912047964,1,4,1
cold_wave,train,한식,4,1.0544148211649915,1.5668862801653192,15.237415897089441,-13.26651909814316,14.965371573272883,-0.17609763735012868,-1.2305124585151206,2,2,4
cold_wave,train,한의원,4,-4.218860006736179,-12.913746385717058,25.665928585805826,-22.636473561785696,21.15466265149805,-4.709737412132466,-0.4908774053962883,3,4,3
cold_wave,train,할인점/슈퍼마켓/양판점,4,-0.32367475574537463,-2.3148276283023863,13.362684087311237,-11.798347689220655,12.743920475775518,-0.2607081678201408,0.06296658792523369,2,3,3
cold_wave,train,헬스장,4,8.840805641861513,-1.5353637655438144,41.14378000042514,-23.427347974970708,49.409894784618004,-2.7896278677219115,-11.630433509583424,2,4,2
cold_wave,train,호텔/콘도,4,14.99308630331823,14.132268651013952,26.435582444617076,-9.285669764333203,39.96049649281309,-1.8149174100324523,-16.808003713350683,1,3,2
cold_wave,train,화원,4,-23.091476542529193,-22.92974123966818,24.289711749519707,-45.644367387657105,-0.6679739396900866,-6.648413647309718,16.443062895219477,3,4,3
cold_wave,train,화장품,4,28.22141158529745,0.6192024665797031,62.97417137934456,-8.50107469866626,87.02566516423539,-4.313240888839992,-32.534652474137445,2,4,2
cold_wave,train,회계/변리서비스,4,-38.23685251279919,-32.586757134967314,36.2430313460695,-73.55791955193426,-7.435861775929615,-22.90534085408603,15.331511658713158,4,4,4
cold_wave,validation,LPG가스,2,216.3197233097524,216.3197233097524,267.01440817839887,65.27356435178555,367.36588226771926,-3.994845691851996,-220.31456900160438,0,2,0
cold_wave,validation,ZZ_나머지,2,144.08925827006976,144.08925827006976,82.52052947380457,97.40859748764451,190.76991905249506,-12.154579366695781,-156.24383763676556,0,2,0
cold_wave,validation,가구,2,-30.22434852493482,-30.22434852493482,40.289044793391874,-53.01527394968359,-7.433423100186051,-9.15775612060127,21.06659240433355,2,2,2
cold_wave,validation,가전,2,1.9117991908347438,1.9117991908347438,15.944592767832834,-7.107824544679319,10.931422926348809,-5.5049200129250195,-7.416719203759764,1,2,1
cold_wave,validation,게임방/오락실,2,1.1593522365042137,1.1593522365042137,12.44578819071142,-5.881048744986584,8.199753217995012,-9.881845565296103,-11.041197801800319,1,2,1
cold_wave,validation,결제대행(PG),1,76.96715966171034,76.96715966171034,,76.96715966171034,76.96715966171034,-4.223372580065243,-81.19053224177559,0,1,0
cold_wave,validation,고속버스/철도/여객선,2,-41.83461014714445,-41.83461014714445,61.55182092187279,-76.65357812173346,-7.01564217255544,-12.165499291903409,29.66911085524104,1,2,1
cold_wave,validation,기타식품,2,58.91208368082405,58.91208368082405,17.615784252459058,48.94709128015765,68.87707608149044,-2.451005840985762,-61.36308952180981,0,2,0
cold_wave,validation,기타요식,2,11.094270553090539,11.094270553090539,2.6025948522001676,9.622020578152988,12.56652052802809,-2.451005840985762,-13.5452763940763,0,2,0
cold_wave,validation,기타유통,2,112.8777609606415,112.8777609606415,55.29375125470672,81.59889178508526,144.15663013619772,-3.850944877408427,-116.72870583804992,0,2,0
cold_wave,validation,기타의료,2,41.414267789547054,41.414267789547054,30.635950023897994,24.083957381554704,58.74457819753941,-3.6203797578784584,-45.034647547425514,0,2,0
cold_wave,validation,노래방,2,10.747224865199687,10.747224865199687,12.103563757546894,3.9004152576115745,17.594034472787797,-8.385061051201482,-19.13228591640117,0,2,0
cold_wave,validation,농수산물,2,102.64775446039482,102.64775446039482,27.69097911230487,86.98337117399016,118.31213774679948,-2.666564711798603,-105.31431917219342,0,2,0
cold_wave,validation,독서실,2,63.953477009101825,63.953477009101825,3.4136060131898147,62.02244984092127,65.88450417728238,-15.84282598213978,-79.79630299124162,0,2,0
cold_wave,validation,동물병원,2,-14.434917872622323,-14.434917872622323,36.68499800377664,-35.18708655765066,6.317250812406016,-6.1820574381194975,8.252860434502825,1,2,1
cold_wave,validation,면세점,1,-82.80919407648446,-82.80919407648446,,-82.80919407648446,-82.80919407648446,-16.80059277205637,66.00860130442808,1,1,1
cold_wave,validation,"모텔,여관,기타숙박",2,-20.4214772104407,-20.4214772104407,22.00886544576684,-32.87157161277992,-7.971382808101483,-7.140503262043176,13.280973948397522,2,2,2
cold_wave,validation,문화용품,2,-28.82014695952507,-28.82014695952507,57.59734514229744,-61.402125622293525,3.7618317032433914,-27.52648192278215,1.293665036742917,1,2,1
cold_wave,validation,미용서비스,2,23.928712596450907,23.928712596450907,12.46434288225902,16.877815496387203,30.979609696514608,-15.703130687072779,-39.63184328352368,0,2,0
cold_wave,validation,미용실,2,1.963267989082314,1.963267989082314,8.00864568200556,-2.567106146810881,6.493642124975509,-2.8450467107385924,-4.808314699820906,1,2,1
cold_wave,validation,방문판매/다단계판매,2,98.57702618700449,98.57702618700449,64.35049510725128,62.1748890165652,134.97916335744378,-13.276734243448324,-111.85376043045281,0,2,0
cold_wave,validation,백화점,1,17.23958927362031,17.23958927362031,,17.23958927362031,17.23958927362031,-3.81740776074774,-21.056997034368052,0,1,0
cold_wave,validation,법률/사무서비스,1,69.09263492500949,69.09263492500949,,69.09263492500949,69.09263492500949,-5.875860895236051,-74.96849582024554,0,1,0
cold_wave,validation,보건소,2,6.695815422725526,6.695815422725526,21.60136289330558,-5.523760725056743,18.915391570507797,-42.67018057807759,-49.36599600080312,1,2,1
cold_wave,validation,보험,1,67.41854883768056,67.41854883768056,,67.41854883768056,67.41854883768056,-28.42128010695967,-95.83982894464023,0,1,0
cold_wave,validation,부동산중개,1,-13.0758518816036,-13.0758518816036,,-13.0758518816036,-13.0758518816036,-64.77847579638053,-51.702623914776936,1,1,1
cold_wave,validation,사무기기/문구용품,2,34.431389584892564,34.431389584892564,69.99086680407433,-5.161423645735736,74.02420281552087,-4.037236883069565,-38.46862646796213,1,2,1
cold_wave,validation,상품권/복권,2,90.37194866877518,90.37194866877518,84.82283838771319,42.38890529002109,138.35499204752927,-9.727676659834357,-100.09962532860952,0,2,0
cold_wave,validation,생활잡화/수입상품점,2,17.19927359883924,17.19927359883924,31.152019828251614,-0.42296997573235906,34.82151717341085,-3.850944877408427,-21.050218476247668,1,2,1
cold_wave,validation,서점,2,57.994863608680866,57.994863608680866,42.64419247545447,33.87166546658631,82.11806175077542,-9.678863155637353,-67.67372676431822,0,2,0
cold_wave,validation,세탁소,2,39.51314213632374,39.51314213632374,60.798741864091035,5.120180008556368,73.9061042640911,-9.447968418129276,-48.961110554453015,1,2,1
cold_wave,validation,쇼핑몰,1,18.8510453569487,18.8510453569487,,18.8510453569487,18.8510453569487,-3.309744577927668,-22.160789934876366,0,1,0
cold_wave,validation,수입자동차,1,110.58772034871828,110.58772034871828,,110.58772034871828,110.58772034871828,-42.71746392282591,-153.3051842715442,0,1,0
cold_wave,validation,수제용품점,2,-59.465218965737336,-59.465218965737336,0.7274124463663373,-59.876705584573436,-59.05373234690123,-28.9367369658664,30.528481999870934,2,2,2
cold_wave,validation,스포츠/레저용품,2,-0.06042200345506821,-0.06042200345506821,42.159014161833596,-23.909161845032852,23.788317838122715,-2.9656191246078403,-2.9051971211527725,1,2,1
cold_wave,validation,스포츠시설,2,-20.885424255053437,-20.885424255053437,2.6814435756767354,-22.402277803637535,-19.368570706469335,-6.6672706966783375,14.218153558375098,2,2,2
cold_wave,validation,시계/귀금속,2,-15.586511794826883,-15.586511794826883,32.93294564247271,-34.21619914541922,3.0431755557654494,-6.464288287019586,9.122223507807297,1,2,1
cold_wave,validation,실내/실외골프장,2,-35.39745087978414,-35.39745087978414,78.96332988230779,-80.06585569966428,9.270953940096014,-34.710708485598786,0.6867423941853517,1,2,1
cold_wave,validation,싸우나/목욕탕,2,5.60215801285031,5.60215801285031,10.893310661872217,-0.5600290580149396,11.764345083715561,-12.992696704658133,-18.594854717508447,1,2,1
cold_wave,validation,악기/음반,2,-53.753174558392075,-53.753174558392075,26.484810884352804,-68.7352460582074,-38.771103058576756,-12.856491936047913,40.896682622344166,2,2,2
cold_wave,validation,안마/마사지,2,11.801420753429714,11.801420753429714,47.238714139105944,-14.920831328406013,38.523672835265444,-18.199777638635375,-30.00119839206509,1,2,1
cold_wave,validation,애완동물,2,-29.31722465160649,-29.31722465160649,22.844743144053023,-42.24016288490632,-16.394286418306663,-9.938593641536194,19.378631010070297,2,2,2
cold_wave,validation,약국,2,26.662117207160428,26.662117207160428,29.32931580306465,10.0709507336334,43.25328368068746,-2.451005840985762,-29.11312304814619,0,2,0
cold_wave,validation,양식,2,28.157858443914265,28.157858443914265,41.003059977337905,4.963025036414777,51.35269185141375,-1.6286583523944358,-29.7865167963087,1,1,2
cold_wave,validation,여행사/항공사,1,-21.538823735940447,-21.538823735940447,,-21.538823735940447,-21.538823735940447,-3.81740776074774,17.721415975192706,1,1,1
cold_wave,validation,연구/번역서비스,2,59.96755621646679,59.96755621646679,51.39331407005222,30.895107507199643,89.04000492573394,-6.992483407991765,-66.96003962445855,0,2,0
cold_wave,validation,영화/공연,2,-32.466160868559825,-32.466160868559825,2.1287052172652348,-33.670338383980166,-31.261983353139478,-12.76793755874613,19.69822330981369,2,2,2
cold_wave,validation,예식장/결혼서비스,2,-64.58236189215764,-64.58236189215764,37.516341017330575,-85.80480920308682,-43.35991458122846,-31.1370542461257,33.44530764603194,2,2,2
cold_wave,validation,오토바이,2,125.99017331109198,125.99017331109198,82.89275404417435,79.09895051440054,172.88139610778342,-34.91545723748535,-160.90563054857734,0,2,0
cold_wave,validation,완구/아동용자전거,2,-42.4353815917443,-42.4353815917443,10.047462488172535,-48.11908467902771,-36.75167850446089,-16.914983510570686,25.520398081173614,2,2,2
cold_wave,validation,유치원,2,-61.480203925859875,-61.480203925859875,16.01439047077286,-70.53931120462205,-52.4210966470977,-61.400193494371536,0.08001043148833986,2,2,2
cold_wave,validation,유흥업소,2,27.523731596192633,27.523731596192633,1.9152886551011084,26.440280719431307,28.60718247295396,-5.256634707975334,-32.78036630416796,0,2,0
cold_wave,validation,의복/의류,2,-20.138197159793876,-20.138197159793876,5.624457785417311,-23.31987095224672,-16.956523367341035,-4.603791284695634,15.534405875098244,2,2,2
cold_wave,validation,인테리어/건축자재/주방기구,2,29.049630768171056,29.049630768171056,50.25831630121513,0.6192337540849584,57.48002778225716,-2.9656191246078403,-32.0152498927789,1,2,1
cold_wave,validation,일반병원,2,53.540447566558655,53.540447566558655,18.12344367723048,43.28827962846095,63.79261550465636,-2.197174249575726,-55.73762181613438,0,2,0
cold_wave,validation,일식,2,24.48197952090345,24.48197952090345,16.786145431601827,14.986301709168062,33.97765733263884,-1.6286583523944358,-26.110637873297886,0,1,1
cold_wave,validation,자동차서비스,2,40.049285641165234,40.049285641165234,4.308461914554261,37.612051532153,42.48651975017747,-2.9656191246078403,-43.014904765773075,0,2,0
cold_wave,validation,자동차용품,2,37.98118469788823,37.98118469788823,55.26834527343781,6.716687315642354,69.24568208013412,-2.444536180229595,-40.42572087811783,1,2,1
cold_wave,validation,장례식장/묘지/장의사,2,69.02874120672861,69.02874120672861,63.75616151501933,32.96280988697265,105.09467252648457,-13.300438345493596,-82.3291795522222,0,2,0
cold_wave,validation,전용매장,2,87.18946507229433,87.18946507229433,34.64084391882881,67.59364455947143,106.78528558511724,5.393565017364079,-81.79590005493026,0,1,1
cold_wave,validation,정육점,2,85.54938791037108,85.54938791037108,37.064350310685555,64.5826251544035,106.51615066633866,-1.9603069630102257,-87.5096948733813,0,2,0
cold_wave,validation,제과점,2,51.465936884146814,51.465936884146814,0.8402431006657255,50.990623608686064,51.94125015960757,-2.2919555736260153,-53.75789245777283,0,2,0
cold_wave,validation,종합레저타운/놀이동산,1,-33.106249317320504,-33.106249317320504,,-33.106249317320504,-33.106249317320504,-11.49035928039337,21.615890036927134,1,1,1
cold_wave,validation,종합병원,2,32.96634979579069,32.96634979579069,0.08390953339851043,32.91888339573286,33.01381619584852,-2.451005840985762,-35.41735563677645,0,2,0
cold_wave,validation,주류판매,2,211.6140672581085,211.6140672581085,209.0289970022677,93.36941026216769,329.8587242540493,-4.115194216650564,-215.72926147475903,0,2,0
cold_wave,validation,주유소,2,13.244201197416032,13.244201197416032,12.438965242361226,6.207659858362122,20.280742536469944,-2.451005840985762,-15.695207038401795,0,2,0
cold_wave,validation,주차장,2,135.11838343619624,135.11838343619624,181.9859763614654,32.17156906335872,238.0651978090338,-15.245703529937618,-150.36408696613387,0,2,0
cold_wave,validation,중고품판매점,2,52.34073399088948,52.34073399088948,38.71658331828034,30.439327103905487,74.24214087787348,-33.01715128273719,-85.35788527362666,0,2,0
cold_wave,validation,중식,2,24.09234410654298,24.09234410654298,6.194658858185229,20.588115877934907,27.596572335151052,-3.4802324082299183,-27.572576514772898,0,2,0
cold_wave,validation,체인점,2,62.970589381522366,62.970589381522366,54.37306945389102,32.21253648170359,93.72864228134114,-28.588832292530554,-91.55942167405293,0,2,0
cold_wave,validation,치과병원,2,14.463341423477877,14.463341423477877,22.024863610904397,2.0041970922944143,26.922485754661338,-2.451005840985762,-16.91434726446364,1,2,1
cold_wave,validation,커피전문점,2,13.677067852505175,13.677067852505175,1.9865140762256892,12.553325793127803,14.800809911882547,-2.8450467107385924,-16.52211456324377,0,2,0
cold_wave,validation,컴퓨터/소프트웨어,2,3.784870304973036,3.784870304973036,23.353790107743528,-9.426028376301176,16.99576898624725,-7.05294862499004,-10.837818929963074,1,2,1
cold_wave,validation,택시,2,0.6974956146627473,0.6974956146627473,27.607237431248002,-14.919516223307289,16.314507452632785,-12.074286605647078,-12.771782220309827,1,2,1
cold_wave,validation,"통신요금(이동,시내전화)",1,46.649658945236354,46.649658945236354,,46.649658945236354,46.649658945236354,-3.81740776074774,-50.467066705984095,0,1,0
cold_wave,validation,패션잡화,2,50.75023995035361,50.75023995035361,73.04776378624692,9.42818465133896,92.07229524936827,-6.448824880306306,-57.199064830659914,1,2,1
cold_wave,validation,패스트푸드,2,7.770815335777978,7.770815335777978,11.011977623609845,1.541500094234743,14.000130577321213,-3.850944877408427,-11.621760213186406,1,2,1
cold_wave,validation,편의점,2,8.217426611814513,8.217426611814513,16.680324129399267,-1.2183896316157377,17.653242855244766,-2.451005840985762,-10.668432452800277,1,2,1
cold_wave,validation,학원/학습지,2,42.74668863787386,42.74668863787386,4.027969195766044,40.468125171684505,45.02525210406322,-2.1195974503928925,-44.866286088266754,0,2,0
cold_wave,validation,한식,2,8.104351451133084,8.104351451133084,8.510198103925996,3.290256420311507,12.91844648195466,-2.197174249575726,-10.301525700708808,0,2,0
cold_wave,validation,한의원,2,9.832236734442949,9.832236734442949,19.076984305780343,-0.9593352393223471,20.623808708208244,-5.787792679295985,-15.620029413738935,1,2,1
cold_wave,validation,할인점/슈퍼마켓/양판점,2,6.292225194588474,6.292225194588474,6.831885900628633,2.4275269156866583,10.156923473490291,-2.197174249575726,-8.4893994441642,0,2,0
cold_wave,validation,헬스장,2,88.09270393075931,88.09270393075931,35.2107447208679,68.17449884055603,108.01090902096261,-4.499021846255186,-92.5917257770145,0,2,0
cold_wave,validation,호텔/콘도,2,39.77627440961022,39.77627440961022,86.53023184506021,-9.172616562618757,88.72516538183919,-2.373429041802928,-42.149703451413146,1,2,1
cold_wave,validation,화원,2,84.08050417365297,84.08050417365297,81.04802979864935,38.23281499570551,129.92819335160044,-6.99489858228099,-91.07540275593396,0,2,0
cold_wave,validation,화장품,2,89.76930906379096,89.76930906379096,68.57369181426039,50.97817106950298,128.56044705807892,-4.865451185966821,-94.63476024975778,0,2,0
cold_wave,validation,회계/변리서비스,2,49.167598572692285,49.167598572692285,20.48557767767413,37.57920585876657,60.755991286618,-13.243809037177188,-62.41140760986947,0,2,0
heatwave,test,LPG가스,2,-12.735311674161391,-12.735311674161391,25.353786428658847,-27.077579124129493,1.6069557758067137,7.492377148325181,20.22768882248657,1,0,1
heatwave,test,ZZ_나머지,2,-56.453462629057576,-56.453462629057576,37.47452846905329,-77.65225719084631,-35.254668067268845,-24.190421852401872,32.2630407766557,2,2,2
heatwave,test,가구,2,-44.75642713579026,-44.75642713579026,7.57994418789811,-49.04429108481291,-40.46856318676761,4.905935950682655,49.66236308647292,2,0,0
heatwave,test,가전,2,26.55693221149794,26.55693221149794,26.340894913797513,11.656271878643174,41.457592544352714,2.3296829684833695,-24.227249243014576,0,1,1
heatwave,test,게임방/오락실,2,30.390742292385895,30.390742292385895,35.4256362501328,10.350976196132393,50.430508388639396,-4.422526424742783,-34.81326871712868,0,2,0
heatwave,test,결제대행(PG),1,-42.910887449262816,-42.910887449262816,,-42.910887449262816,-42.910887449262816,-1.1734211297268906,41.737466319535926,1,1,1
heatwave,test,고속버스/철도/여객선,2,57.952261990909186,57.952261990909186,94.30561331168263,4.604951049591483,111.2995729322269,-5.4853789952711205,-63.43764098618031,1,1,0
heatwave,test,기타식품,2,12.203104120876738,12.203104120876738,24.06458013845011,-1.409878120967408,25.816086362720885,5.424952852609296,-6.778151268267441,1,0,1
heatwave,test,기타요식,2,29.514685324650685,29.514685324650685,10.238199050811145,23.723085343877695,35.30628530542367,4.012783838505807,-25.501901486144877,0,0,2
heatwave,test,기타유통,2,-16.25741901424456,-16.25741901424456,43.63828812607947,-40.94296257690311,8.428124548413995,1.1858171128233659,17.443236127067927,1,1,2
heatwave,test,기타의료,2,-11.39943182247744,-11.39943182247744,59.129215994530576,-44.84796749925875,22.049103854303873,-2.028562349951726,9.370869472525715,1,1,0
heatwave,test,노래방,2,10.485562494839696,10.485562494839696,10.987492652807635,4.27009804440958,16.701026945269813,-1.1135830458549951,-11.599145540694693,0,1,1
heatwave,test,농수산물,2,-4.317962286583281,-4.317962286583281,41.76762830462393,-27.945300853206295,19.309376280039732,5.15025340684458,9.468215693427862,1,0,1
heatwave,test,독서실,2,54.90386566023992,54.90386566023992,122.08309588386128,-14.156762313940717,123.96449363442056,-10.925935595476217,-65.82980125571613,1,2,1
heatwave,test,동물병원,2,10.10002581593756,10.10002581593756,3.7374965000657214,7.985778520051593,12.214273111823529,1.1858171128233659,-8.914208703114195,0,1,1
heatwave,test,면세점,1,129.97510490073836,129.97510490073836,,129.97510490073836,129.97510490073836,-7.8005166641054595,-137.77562156484382,0,1,0
heatwave,test,"모텔,여관,기타숙박",2,-5.55346365867616,-5.55346365867616,2.6816970191726726,-7.070460576551959,-4.036466740800361,3.159478009299145,8.712941667975304,2,1,1
heatwave,test,문화용품,2,49.82394391951694,49.82394391951694,56.5147015297579,17.854400968776496,81.7934868702574,-1.3644562858607419,-51.18840020537769,0,1,1
heatwave,test,미용서비스,2,-47.60329295554147,-47.60329295554147,26.63692817357939,-62.67141498875505,-32.53517092232788,-1.7710273565307464,45.832265599010725,2,1,1
heatwave,test,미용실,2,19.305992374863244,19.305992374863244,16.29034130038147,10.090783733788832,28.52120101593766,6.052093929797234,-13.253898445066012,0,0,2
heatwave,test,방문판매/다단계판매,1,18.488126511286744,18.488126511286744,,18.488126511286744,18.488126511286744,12.26541689190385,-6.2227096193828935,0,0,1
heatwave,test,백화점,1,-12.388872012188768,-12.388872012188768,,-12.388872012188768,-12.388872012188768,1.783828196897551,14.172700209086319,1,0,0
heatwave,test,법률/사무서비스,1,-45.42335142396552,-45.42335142396552,,-45.42335142396552,-45.42335142396552,6.679235006985172,52.102586430950694,1,0,0
heatwave,test,보건소,1,36.63842871362452,36.63842871362452,,36.63842871362452,36.63842871362452,-21.013090755460876,-57.6515194690854,0,1,0
heatwave,test,보험,1,-8.00137687408285,-8.00137687408285,,-8.00137687408285,-8.00137687408285,3.632493047354953,11.633869921437803,1,0,0
heatwave,test,부동산중개,1,6.27054599409374,6.27054599409374,,6.27054599409374,6.27054599409374,-12.879482717060323,-19.150028711154064,0,1,0
heatwave,test,사무기기/문구용품,2,-26.127759091641337,-26.127759091641337,55.356419309229764,-57.442078672251185,5.186560488968511,-3.3118497153563675,22.81590937628497,1,1,2
heatwave,test,상품권/복권,2,-47.99721755605573,-47.99721755605573,70.0198590970533,-87.6064313042581,-8.388003807853362,-44.83468234365641,3.162535212399318,1,2,1
heatwave,test,생활잡화/수입상품점,2,17.373824181380765,17.373824181380765,0.2468044128909917,17.234210522195177,17.513437840566354,4.523112329656643,-12.850711851724125,0,0,2
heatwave,test,서점,2,-30.04027149398995,-30.04027149398995,11.517588016480051,-36.55560316548272,-23.52493982249718,-2.398168433718684,27.642103060271268,2,1,1
heatwave,test,세탁소,2,-14.987444329326475,-14.987444329326475,37.906127243869044,-36.43038802745443,6.455499368801477,-6.405419847541397,8.582024481785078,1,2,1
heatwave,test,쇼핑몰,1,-12.58002677694002,-12.58002677694002,,-12.58002677694002,-12.58002677694002,2.6006148244023177,15.180641601342337,1,0,0
heatwave,test,수입자동차,1,23.89960611077113,23.89960611077113,,23.89960611077113,23.89960611077113,7.492377148325181,-16.40722896244595,0,0,1
heatwave,test,수제용품점,2,-4.403653136219735,-4.403653136219735,25.376547461781815,-18.758796170882288,9.95148989844282,-13.889789900475794,-9.486136764256058,1,2,1
heatwave,test,스포츠/레저용품,2,3.051693612878727,3.051693612878727,5.972273690119626,-0.32673456742974716,6.430121793187202,4.760309555928986,1.7086159430502588,1,0,1
heatwave,test,스포츠시설,2,91.5624609615785,91.5624609615785,135.01259457704077,15.18780402476599,167.937117898391,13.15557602547241,-78.40688493610608,1,0,1
heatwave,test,시계/귀금속,2,-23.801374562532295,-23.801374562532295,11.416796533061607,-30.25968996089624,-17.34305916416835,-1.1246511988186176,22.676723363713677,2,1,1
heatwave,test,실내/실외골프장,2,-9.441283184692166,-9.441283184692166,9.363269887142998,-14.737948489715057,-4.144617879669275,-11.331424974069641,-1.8901417893774737,2,2,2
heatwave,test,싸우나/목욕탕,2,19.666898539240197,19.666898539240197,31.625771230652024,1.7766607012814206,37.55713637719897,-7.264445250692552,-26.931343789932747,1,2,1
heatwave,test,악기/음반,2,21.32912017947178,21.32912017947178,14.546461751525634,13.100398782052165,29.557841576891395,-16.115799522718177,-37.44491970218996,0,2,0
heatwave,test,안마/마사지,2,-11.308140466524167,-11.308140466524167,17.828764170213464,-21.39361250247112,-1.2226684305772137,-8.206980869153561,3.1011595973706054,1,1,0
heatwave,test,애완동물,2,33.095873266942455,33.095873266942455,52.610514233854516,3.334872165766525,62.85687436811838,-4.422526424742783,-37.51839969168524,1,2,1
heatwave,test,약국,2,0.5832507200205459,0.5832507200205459,31.69349706075097,-17.345298632917793,18.511800072958888,6.052093929797234,5.468843209776686,1,0,1
heatwave,test,양식,2,10.14079628073881,10.14079628073881,27.75090027683503,-5.557483535086542,25.839076096564163,4.6056362887400235,-5.5351599919987855,1,0,1
heatwave,test,여행사/항공사,2,-57.94869647491255,-57.94869647491255,45.66103740431774,-83.77847982259708,-32.11891312722802,-15.965906244595484,41.982790230317065,2,1,1
heatwave,test,연구/번역서비스,2,-23.136099484937372,-23.136099484937372,32.81549206971066,-41.69934506131,-4.572853908564745,-2.9023157493311373,20.23378373560623,1,1,2
heatwave,test,영화/공연,2,-1.344282626966148,-1.344282626966148,61.99914789058871,-36.416296947944474,33.72773169401218,-5.697355424886777,-4.353072797920628,1,2,1
heatwave,test,예식장/결혼서비스,2,-45.34152266578913,-45.34152266578913,38.40259889711172,-67.06531314205692,-23.617732189521345,-31.181272986348556,14.160249679440575,2,2,2
heatwave,test,오토바이,2,-48.28070759105866,-48.28070759105866,44.672752196214326,-73.55143240082617,-23.00998278129115,-19.887603140773486,28.393104450285175,2,2,2
heatwave,test,완구/아동용자전거,2,34.72287281516044,34.72287281516044,79.15249277140373,-10.052538694022568,79.49828432434344,-5.0509792671746485,-39.77385208233508,1,2,1
heatwave,test,유치원,2,-94.20352503875532,-94.20352503875532,7.913585334082133,-98.68012492133762,-89.72692515617301,-34.940152387067876,59.26337265168744,2,2,2
heatwave,test,유흥업소,2,50.226692026284155,50.226692026284155,31.237366419188366,32.556169129150526,67.89721492341778,4.523112329656643,-45.703579696627514,0,0,2
heatwave,test,의복/의류,2,-3.1398750736927017,-3.1398750736927017,25.007775595045615,-17.286409238211263,11.006659090825863,3.4051544719072924,6.545029545599993,1,0,1
heatwave,test,인테리어/건축자재/주방기구,2,-8.78845956533976,-8.78845956533976,42.994268173377854,-33.10969042737851,15.532771296698993,5.914414061461793,14.702873626801555,1,0,1
heatwave,test,일반병원,2,21.060586874906996,21.060586874906996,24.888027013592577,6.981792737574766,35.13938101223923,4.528722949982125,-16.53186392492487,0,0,2
heatwave,test,일식,2,26.89980615097431,26.89980615097431,15.474521764171907,18.146094730922492,35.65351757102613,5.242814576832139,-21.65699157414217,0,0,2
heatwave,test,자동차서비스,2,13.446306798428733,13.446306798428733,74.25937699168342,-28.56114043157738,55.453754028434844,3.352462241025058,-10.093844557403678,1,1,2
heatwave,test,자동차용품,2,-25.499161246290136,-25.499161246290136,61.74178561802758,-60.42558948074881,9.427266988168547,2.7529069386291405,28.252068184919274,1,1,2
heatwave,test,장례식장/묘지/장의사,2,-41.000101358413275,-41.000101358413275,41.47080571160736,-64.45953171037117,-17.540671006455373,1.5923881834933704,42.592489541906644,2,1,1
heatwave,test,전용매장,2,7.056673713451673,7.056673713451673,93.51985619256762,-45.846145878032566,59.95949330493592,-11.093255942593883,-18.149929656045558,1,2,1
heatwave,test,정육점,2,1.8765389438678164,1.8765389438678164,4.964103133910703,-0.9315818469303034,4.684659734665937,6.679235006985172,4.802696063117356,1,0,1
heatwave,test,제과점,2,29.895346056272547,29.895346056272547,20.44048062476302,18.332464087886812,41.45822802465828,4.8807019136038505,-25.014644142668697,0,0,2
heatwave,test,종합레저타운/놀이동산,1,374.10090333565614,374.10090333565614,,374.10090333565614,374.10090333565614,4.336450974598405,-369.76445236105775,0,0,1
heatwave,test,종합병원,2,-19.30615540398202,-19.30615540398202,32.0841842185994,-37.45571078783006,-1.1566000201339848,4.934136072047885,24.24029147602991,1,0,1
heatwave,test,주류판매,2,-44.679833293229585,-44.679833293229585,66.86478657912318,-82.50426850338098,-6.85539808307818,-14.030353573784886,30.6494797194447,1,1,2
heatwave,test,주유소,2,14.325617779188985,14.325617779188985,20.496508454198555,2.731041684300026,25.920193874077945,5.424952852609296,-8.900664926579687,1,0,1
heatwave,test,주차장,2,-34.6009667083886,-34.6009667083886,60.9325761286272,-69.06963692896286,-0.13229648781432246,-3.718420786026372,30.882545922362223,1,1,2
heatwave,test,중고품판매점,2,-53.884025466116256,-53.884025466116256,0.22200847967399973,-54.009612427282974,-53.75843850494954,-14.116076579037916,39.76794888707834,2,2,2
heatwave,test,중식,2,10.552441110638938,10.552441110638938,8.189824084912155,5.919576992905902,15.185305228371977,6.052093929797234,-4.500347180841705,0,0,2
heatwave,test,체인점,2,17.155273364977603,17.155273364977603,10.519804240196786,11.204373432979088,23.106173296976117,-9.732362283143846,-26.887635648121446,0,1,1
heatwave,test,치과병원,2,6.839004200995928,6.839004200995928,54.87669606138898,-24.203942930301075,37.881951332292935,6.052093929797234,-0.7869102711986962,1,0,1
heatwave,test,커피전문점,2,24.147343269241087,24.147343269241087,17.391565952727067,14.309187892739978,33.9854986457422,4.934136072047885,-19.2132071971932,0,0,2
heatwave,test,컴퓨터/소프트웨어,2,-44.39623721230693,-44.39623721230693,71.68017360559845,-84.94466667882504,-3.847807745788809,-6.89754800937461,37.49868920293232,1,1,2
heatwave,test,택시,2,-49.6211104750835,-49.6211104750835,65.2236571568847,-86.51718269061922,-12.725038259547766,-5.918309069920538,43.70280140516296,2,1,1
heatwave,test,"통신요금(이동,시내전화)",1,-22.04857477025053,-22.04857477025053,,-22.04857477025053,-22.04857477025053,5.424952852609296,27.473527622859827,1,0,0
heatwave,test,패션잡화,2,-5.355781761262504,-5.355781761262504,35.3671168206534,-25.362444269183165,14.650880746658158,8.422171844933361,13.777953606195863,1,0,1
heatwave,test,패스트푸드,2,15.657923776957514,15.657923776957514,0.07576376860522,15.615065317318313,15.700782236596712,2.3296829684833695,-13.328240808474144,0,1,1
heatwave,test,편의점,2,10.50758733732167,10.50758733732167,3.1354859789554137,8.7338886188939,12.28128605574944,4.306994994859947,-6.200592342461723,0,0,2
heatwave,test,학원/학습지,2,-40.41973958446228,-40.41973958446228,43.52073207047525,-65.038783399851,-15.800695769073556,15.440892494643291,55.86063207910557,2,0,0
heatwave,test,한식,2,26.223617988057143,26.223617988057143,14.193005763089612,18.19484149165681,34.252394484457476,2.8948259807564574,-23.328792007300684,0,0,2
heatwave,test,한의원,2,39.41956201094794,39.41956201094794,19.72416251317222,28.261890757916284,50.5772332639796,0.5586760356354281,-38.86088597531251,0,1,1
heatwave,test,할인점/슈퍼마켓/양판점,2,17.113302879155135,17.113302879155135,18.615918735988647,6.582548978166917,27.644056780143355,2.8948259807564574,-14.218476898398679,0,0,2
heatwave,test,헬스장,2,-8.15069932173219,-8.15069932173219,50.82899204815929,-36.90391928823662,20.60252064477224,-3.984890403056019,4.165808918676172,1,1,2
heatwave,test,호텔/콘도,2,115.35555503058097,115.35555503058097,116.45068620505236,49.48109911904557,181.2300109421164,0.5586760356354281,-114.79687899494556,0,1,1
heatwave,test,화원,2,1.7529979221607377,1.7529979221607377,7.800813985646704,-2.659808852259777,6.165804696581253,-1.1246511988186176,-2.8776491209793544,1,1,0
heatwave,test,화장품,2,-35.02192742701776,-35.02192742701776,27.21733747860336,-50.41837854458832,-19.62547630944719,-2.398168433718684,32.62375899329908,2,1,1
heatwave,test,회계/변리서비스,2,3.1945152113910886,3.1945152113910886,79.94110501421343,-42.0270027494859,48.41603317226808,-17.87924038240445,-21.07375559379554,1,2,1
heatwave,train,LPG가스,8,89.46674371274644,29.95824284187632,188.74278828205405,4.475221153004684,197.63374413892487,7.8051609727619695,-81.66158273998447,1,0,7
heatwave,train,ZZ_나머지,8,-11.894667222142658,-16.790966569965526,45.2772041001214,-61.830907857239474,47.82912788292051,-13.804762177673622,-1.9100949555309619,6,8,6
heatwave,train,가구,8,5.788914468539769,-12.46125837431337,45.36716542649779,-30.632327438103896,71.84196356130379,-2.802500298446663,-8.591414766986434,5,5,4
heatwave,train,가전,8,1.1210447981267797,-5.800948052132506,18.711217069377,-17.81713233544737,23.071829117842082,2.6771041943846123,1.5560593962578324,5,2,5
heatwave,train,게임방/오락실,8,5.721756378586755,3.102319124031558,12.581447185101151,-4.2763112042357925,19.788640236819308,-3.4308175352187393,-9.152573913805496,3,6,3
heatwave,train,결제대행(PG),4,-13.902256446175066,-13.088372463302669,7.309064533258596,-20.73292371816336,-7.72269636048469,-0.00768780511369016,13.894568641061376,4,2,2
heatwave,train,고속버스/철도/여객선,8,-11.729043205249676,-4.117157910452555,27.27591365229132,-34.9894229103146,5.458152564990482,-6.231615482944762,5.497427722304915,7,4,3
heatwave,train,기타식품,8,8.488099499747095,0.5269301778329107,23.399536357168333,-11.109875281955826,42.98731383281826,6.664394617297902,-1.8237048824491926,4,0,4
heatwave,train,기타요식,8,3.7545035229011927,-0.4671006208100428,13.248791357062437,-9.074044990369476,19.727936122101667,5.2069755988662,1.4524720759650067,4,0,4
heatwave,train,기타유통,8,10.012013539340778,7.944756238185033,29.220020463568126,-22.928420988679193,44.08364138858111,0.4982390103327272,-9.513774529008051,3,4,3
heatwave,train,기타의료,8,27.868519159672708,-8.210061989352738,86.40561523803595,-31.14560739174768,118.8553400218227,0.5983340348914374,-27.27018512478127,5,3,6
heatwave,train,노래방,8,-2.2392861421992216,-11.9639363122223,27.0374408140706,-29.631080347116107,26.729549520723506,-3.3973043229462547,-1.1580181807470327,5,7,4
heatwave,train,농수산물,8,8.464846508885156,2.364962196679308,22.198581251817746,-8.566317986187991,32.3080532412167,2.7550109922480592,-5.709835516637097,2,1,7
heatwave,train,독서실,8,20.27890050609203,13.602130567221838,15.276460941343126,7.115186641174516,41.7588760973021,-6.804217612733192,-27.08311811882522,0,6,2
heatwave,train,동물병원,8,0.3473279730542548,5.489871694314619,12.452053477369144,-13.527012969035738,10.450421027759294,2.2287099914048403,1.8813820183505858,3,4,5
heatwave,train,면세점,4,-28.49254439123044,-28.955260490225058,37.97136395820589,-61.14954216645318,4.534626263188006,-5.171638659912739,23.3209057313177,3,3,4
heatwave,train,"모텔,여관,기타숙박",8,4.963058677513972,-11.580018956778327,41.24800019197804,-24.154797997165165,52.51464879716008,4.143346411499313,-0.8197122660146583,5,1,4
heatwave,train,문화용품,8,43.1357969397056,0.8553370733363015,129.0449463050118,-34.30316797168943,160.00905630004908,-4.783800697257696,-47.919597636963296,4,7,5
heatwave,train,미용서비스,8,12.971085886809318,13.027674063724673,13.012810480632353,-0.27795487119289364,24.938973995248748,-2.0304764126100845,-15.001562299419403,1,4,3
heatwave,train,미용실,8,4.4368763159611575,13.339888449182135,25.875118364169975,-29.562827495035567,27.5094621362867,5.641090317327176,1.20421400136602,3,0,5
heatwave,train,방문판매/다단계판매,8,86.54388956215038,42.746821117676774,109.17959400393133,3.35209643041022,231.2686301096394,2.060256712790231,-84.48363284936016,1,4,3
heatwave,train,백화점,4,-19.019897809751154,-15.37844021761994,13.378938396925177,-31.489127457557423,-9.463834235649852,1.569954385873849,20.589852195625003,4,0,0
heatwave,train,법률/사무서비스,4,7.2029407183262375,11.50608685366603,14.129032818241525,-6.768672583640731,17.73203711202137,1.9893136879276005,-5.213627030398636,1,2,1
heatwave,train,보건소,8,-5.784912439808999,-4.586488136679398,22.13344930977736,-28.487282361971413,14.859856106808058,-24.29000510196478,-18.505092662155782,5,8,5
heatwave,train,보험,4,48.93942997978794,58.520098387583715,67.4428878522692,-16.933392965559136,107.1477181988984,1.8206705379304904,-47.11875944185745,1,2,1
heatwave,train,부동산중개,4,64.27176842258453,73.10838060863068,34.41992310674329,30.20480639709327,91.26944069923886,-15.04195000885159,-79.31371843143611,0,4,0
heatwave,train,사무기기/문구용품,8,15.227173720353141,10.34846923512843,26.779491826774674,-7.460366304280511,48.62820880416076,0.716831511198772,-14.51034220915437,3,4,5
heatwave,train,상품권/복권,8,-26.92010263070758,-53.65957033965569,94.34897668527306,-83.25598779521022,45.11576580844874,-39.21939613976773,-12.29929350906015,7,7,8
heatwave,train,생활잡화/수입상품점,8,33.89863041462173,16.953039590308727,50.43399184071683,-8.921602513163153,89.06909502964217,3.844202956716859,-30.054427457904865,2,2,6
heatwave,train,서점,8,-1.249788783920615,-9.5249575521643,41.69828336262204,-32.83573955124813,36.69707787783646,-1.289539719192601,-0.03975093527198592,5,4,7
heatwave,train,세탁소,8,-10.41989451365645,-11.418721452173209,24.68931859697435,-33.9228903188645,11.432332464894156,-7.342119173010924,3.077775340645525,6,8,6
heatwave,train,쇼핑몰,4,1.0076643910889498,2.8254816314406552,16.63715295254301,-14.972318054746662,15.5333930446432,3.9029314362118317,2.895267045122883,2,0,2
heatwave,train,수입자동차,4,31.584564049772435,44.77162038085304,48.76774037188583,-16.791727805494684,69.41121084017509,1.5796214704595266,-30.00494257931291,1,2,3
heatwave,train,수제용품점,8,0.12394885292780078,-28.201710239236714,92.28722020909554,-51.5395143428084,61.39230609112041,-16.330992216913337,-16.45494106984114,7,8,7
heatwave,train,스포츠/레저용품,8,-1.8481551126545224,-4.695208226275256,23.56741069361852,-24.362329295191202,24.615355552496233,5.644115734030619,7.492270846685141,5,0,3
heatwave,train,스포츠시설,8,18.62092259553302,25.150442411251028,25.30253958711617,-6.272706674421359,39.78471900478371,14.162809986122978,-4.458112609410044,1,0,7
heatwave,train,시계/귀금속,8,-0.9102701692762034,6.557401796348409,35.76328791779527,-49.51033730565198,37.088806116505296,-0.9700115709604116,-0.059741401684208384,3,4,1
heatwave,train,실내/실외골프장,8,-21.789868293697822,-19.826922647922878,17.846277798188428,-36.7612769347469,-8.186481831899147,-9.886931348003749,11.902936945694073,7,8,7
heatwave,train,싸우나/목욕탕,8,-6.202686618342388,-0.24268747336391894,14.651235969496366,-25.63251359447341,4.393351814757846,-8.099878514803025,-1.8971918964606393,4,8,4
heatwave,train,악기/음반,8,9.250450614779783,4.472681965389326,54.27141150468733,-38.63450321866591,77.01602526270082,-10.292698083426442,-19.543148698206224,3,6,3
heatwave,train,안마/마사지,8,4.121408466289864,0.6400063340821891,45.93676168289557,-52.55626400291292,54.57524482854407,-8.808467394389496,-12.929875860679356,3,8,3
heatwave,train,애완동물,8,-3.1905747239300326,-5.895546651625669,15.580576085765495,-17.344440107135007,18.09095115748199,-3.2420401884862264,-0.05146546455619383,6,7,5
heatwave,train,약국,8,12.663026843902639,5.087910382846411,22.404286110640907,-7.434636450334438,36.6618226601674,5.576247951058319,-7.086778892844321,2,1,7
heatwave,train,양식,8,-7.024045708416756,-5.430427745856391,22.321243344945113,-32.23904468732515,14.261653578908799,4.210795728584075,11.234841437000831,6,1,3
heatwave,train,여행사/항공사,8,44.627015940250516,-9.40259776743973,175.55633025007646,-91.95601370579543,230.507368230102,-9.929993894697262,-54.55700983494778,6,6,4
heatwave,train,연구/번역서비스,8,8.73995495551929,1.1848653354872338,34.52605077631791,-20.48906347602596,42.59322564664382,0.5079910713705031,-8.231963884148785,4,4,4
heatwave,train,영화/공연,8,4.8827402599997765,4.988158929905612,20.14684729866501,-19.486300567683994,31.371993610291238,-4.882466649966857,-9.765206909966635,3,6,1
heatwave,train,예식장/결혼서비스,8,-49.79617240365394,-48.742526562465194,27.215419954410873,-82.05277184132896,-19.32272363990242,-39.25138656801656,10.54478583563739,8,8,8
heatwave,train,오토바이,8,-24.51002983528955,-26.623711485254628,47.31960401182615,-71.54961937750541,23.582198428953333,-21.63719353668156,2.8728362986079876,6,8,6
heatwave,train,완구/아동용자전거,8,-22.65900772259695,-29.185972989120515,33.54191599128099,-48.07977928100276,14.779078911674487,-7.871083073408794,14.787924649188156,6,8,6
heatwave,train,유치원,8,-7.810686760593032,-51.56983247431677,102.16599583930399,-78.66519583835874,127.31328334241405,-18.414863375291365,-10.604176614698332,6,6,8
heatwave,train,유흥업소,8,0.7076192494882889,-11.495697022913518,37.382166114782194,-30.586840465188697,37.99213031002509,1.7154925265855168,1.007873277097227,5,3,6
heatwave,train,의복/의류,8,-16.81481746664224,-21.47183025277303,17.619940524037883,-31.95915702299447,7.2879642553054715,2.402545420462306,19.217362887104546,6,2,4
heatwave,train,인테리어/건축자재/주방기구,8,18.634598955247903,20.683169441855817,36.008937178690104,-17.47599610116492,51.33753134136512,0.9684114307520479,-17.666187524495854,2,2,6
heatwave,train,일반병원,8,19.99638988607088,21.985584673769843,21.695249313288908,-2.035687217093921,41.35191170657441,2.460919671475564,-17.535470214595314,1,1,8
heatwave,train,일식,8,7.495550065354093,2.337861388600283,17.308831712005187,-7.8719823239674,32.55993974464981,5.180137250628559,-2.3154128147255344,3,1,6
heatwave,train,자동차서비스,8,31.24825219121689,21.525700511940776,46.71940686571157,-1.8182732382133642,70.2801073808428,4.541298642104256,-26.706953549112633,1,1,8
heatwave,train,자동차용품,8,10.032526580142509,8.820879136010795,25.97573963951166,-12.822125849892071,38.5913065731442,1.2328181492420942,-8.799708430900415,2,3,5
heatwave,train,장례식장/묘지/장의사,8,69.72432558833671,23.67501968373015,105.58381125979788,-22.53922295508888,210.80741259101117,-6.578609421866209,-76.30293501020292,2,4,6
heatwave,train,전용매장,8,-0.08796712780019744,-0.36129555713623507,29.446857264236847,-26.777465918126538,26.198507098987967,-12.303570197329634,-12.215603069529436,4,7,5
heatwave,train,정육점,8,-6.246018671898823,-5.349294370144242,19.99235456063001,-25.23260533800566,9.954871758745028,5.763364823339488,12.009383495238312,5,1,4
heatwave,train,제과점,8,3.6599514769991894,-0.8386927348158983,13.609354596422039,-6.365694196959655,19.15391072647818,4.42914570875508,0.7691942317558903,4,0,4
heatwave,train,종합레저타운/놀이동산,4,6.682645676709823,13.588229602895957,29.502662039706053,-21.066141527114684,28.90696573958543,-2.157412042263775,-8.840057718973597,1,3,2
heatwave,train,종합병원,8,23.0989037897938,16.384657034758295,31.094835014727916,-2.442888975357247,62.63238808553583,2.529323822714404,-20.569579967079395,1,1,8
heatwave,train,주류판매,6,97.23441533535843,31.890040517701358,194.05140328663896,-16.240879913563482,276.0540854019374,2.488384733551149,-94.74603060180728,2,2,4
heatwave,train,주유소,8,7.818156015071896,6.628354317392779,8.718096550195874,-0.2814688546687636,17.078421887940703,6.576589181555503,-1.241566833516392,1,0,7
heatwave,train,주차장,8,20.88119786668982,9.68612769120347,62.560680997909444,-28.53341516440997,68.35933613641706,-5.2163451444725,-26.09754301116232,3,4,7
heatwave,train,중고품판매점,8,37.04964614518592,22.95604146278524,83.39646108848072,-44.94088721456492,157.2931909053285,-13.844327702434764,-50.893973847620686,3,8,3
heatwave,train,중식,8,4.010145010416961,2.63429661104208,11.364209988598498,-8.842011707074144,18.457365054071886,5.918720539829905,1.908575529412943,3,0,5
heatwave,train,체인점,8,43.66406245635759,39.40220767471071,38.058482728431756,9.420028580729214,91.81531726088866,-5.044881886409256,-48.70894434276685,1,6,3
heatwave,train,치과병원,8,11.369292023954733,14.391128182235544,23.633600615701777,-15.146368778540856,33.95914961327161,2.3562905608050317,-9.0130014631497,3,1,6
heatwave,train,커피전문점,8,8.098526296304403,4.369553033699227,8.496987921192023,0.46553314220293984,18.13710699102844,4.725754420350615,-3.372771875953789,1,0,7
heatwave,train,컴퓨터/소프트웨어,8,3.6023244372294805,-3.3151234406488617,42.521555603168345,-31.809848008353853,54.507272260000995,-3.3513891829465674,-6.953713620176046,5,4,1
heatwave,train,택시,8,6.9058722125094905,10.38261411457611,45.47392096759432,-43.992593103112426,55.49757127493136,-7.169531055304429,-14.075403267813918,3,8,3
heatwave,train,"통신요금(이동,시내전화)",4,3.582360423942408,4.181804620645689,9.11842924902858,-5.00405757604811,11.689223066570303,6.456653648000611,2.874293224058203,1,0,3
heatwave,train,패션잡화,8,20.51230326716993,13.60407564217397,38.57375370638052,-18.677882401071006,61.63654819484724,6.612588712153018,-13.899714555016914,3,1,6
heatwave,train,패스트푸드,8,2.7261451472747003,2.528553824691661,9.130546757989055,-8.053874125999018,12.47039098830496,3.4979304945981284,0.7717853473234281,3,2,7
heatwave,train,편의점,8,4.039253034529848,5.384026124490864,6.663193198590318,-3.9173607474231504,10.03901042299335,5.585615573320868,1.54636253879102,3,0,5
heatwave,train,학원/학습지,8,24.217949146094753,30.84032683334991,17.017200706629946,0.8222841667426766,39.70997469501934,9.866417742124591,-14.351531403970164,1,2,7
heatwave,train,한식,8,4.19256047561462,3.2465170230074616,11.62232091328671,-8.782278323714712,18.949368175852282,4.3134303480381195,0.12086987242349867,3,0,5
heatwave,train,한의원,8,4.661198652325989,5.0420031469925135,16.69209766948394,-16.051478239788775,23.597148745611868,0.5799277157888392,-4.08127093653715,3,4,7
heatwave,train,할인점/슈퍼마켓/양판점,8,-3.537575831663063,-3.764495299303616,10.585850121746526,-15.96227289996069,7.235000372237314,4.46356613625531,8.001141967918374,5,0,3
heatwave,train,헬스장,8,21.75913741947194,21.89209080266086,17.176773336515833,3.937750077724914,41.66988643961567,7.307929979834501,-14.45120743963744,1,2,7
heatwave,train,호텔/콘도,8,18.65154993822391,18.394118084094913,35.76003063228403,-23.534667097450875,54.81768903301727,-0.25050669648523927,-18.902056634709147,3,4,3
heatwave,train,화원,8,19.46881797123404,2.0047928496371923,55.499240125395,-23.58314251099218,99.35370979440862,-5.2472745374778045,-24.716092508711846,4,8,4
heatwave,train,화장품,8,33.19302826424618,24.028527135628238,46.65705815873252,-11.776495073111832,80.72072640314806,-1.2801609162725258,-34.4731891805187,2,4,6
heatwave,train,회계/변리서비스,8,5.96018670231915,-21.907323667294612,67.15327387850628,-48.406934802963406,90.96672118750251,-7.683789375943553,-13.6439760782627,5,6,5
heatwave,validation,LPG가스,4,0.8393435002897536,4.170829283556653,13.05653947299567,-12.11840065151337,11.13189902547936,6.0575040569565095,5.2181605566667555,2,0,2
heatwave,validation,ZZ_나머지,4,-48.416706811684875,-44.65667230062986,22.82537390724769,-69.33664953166485,-30.50479170054892,-18.220005521488922,30.19670129019596,4,4,4
heatwave,validation,가구,4,-27.715044545155465,-20.303827220282752,29.82176964800297,-57.16220353442796,-4.196859415781134,0.9071889636135059,28.622233508768968,4,1,1
heatwave,validation,가전,4,33.415681600592414,31.48386090960149,32.84910804028205,3.727837724309467,64.6489820296681,2.8418461264528174,-30.5738354741396,1,1,4
heatwave,validation,게임방/오락실,4,-11.54140601097916,-18.356648649392397,15.735736479284885,-21.011902879073524,3.381284967845799,1.9214134789109223,13.462819489890082,3,1,2
heatwave,validation,결제대행(PG),2,40.73026108009103,40.73026108009103,57.40383387651941,8.257748919936684,73.20277324024538,4.2251522883094825,-36.50510879178155,0,0,2
heatwave,validation,고속버스/철도/여객선,4,-36.22870765216517,-38.065667661501095,46.88973885218789,-78.44934239925098,7.461495102389383,-0.1324040673946656,36.0963035847705,3,1,2
heatwave,validation,기타식품,4,-8.989817138418697,-16.695257464310107,22.118188607384305,-23.318010398489854,11.502728382365593,5.6759085088558665,14.665725647274565,3,0,1
heatwave,validation,기타요식,4,-3.0484297987276037,-2.452357327535513,11.413510655755832,-13.869185888015087,7.295468313606207,5.436229150678512,8.484658949406116,2,0,2
heatwave,validation,기타유통,4,45.883804465727316,38.00024792594591,60.077330848099116,-6.212344393952881,104.28679855723266,4.64124424999347,-41.242560215733846,1,0,3
heatwave,validation,기타의료,4,-7.766550939152149,2.8520346428169456,24.75849862824586,-31.15985664872436,7.131886304844793,3.7247587146836962,11.491309653835843,1,0,3
heatwave,validation,노래방,4,-9.746817116381072,-8.964560710204951,11.965492025393527,-21.18494065495534,1.0655012972523012,2.256465724720819,12.00328284110189,3,1,2
heatwave,validation,농수산물,4,-10.700278517148973,-17.432401397369908,14.234649611009145,-18.366274611795884,2.35141588167469,4.54483321287139,15.245111730020366,3,0,1
heatwave,validation,독서실,4,74.33370078282874,5.574369881798088,169.19693125937715,-30.432515551452525,234.1073818379346,0.5403454243517759,-73.79335535847697,2,2,4
heatwave,validation,동물병원,4,22.029283378541134,19.84891645688978,33.493684505266735,-7.733653393722789,53.53651368812615,3.663572638949498,-18.365710739591634,1,1,2
heatwave,validation,면세점,2,-71.96842514926652,-71.96842514926652,29.998918920381847,-88.93837634676046,-54.99847395177258,-0.6627597747091785,71.30566537455735,2,1,1
heatwave,validation,"모텔,여관,기타숙박",4,-12.616449117431427,-9.731129601696411,22.68831549458084,-33.98136799596591,6.44021414851505,4.109587448889536,16.726036566320964,3,0,1
heatwave,validation,문화용품,4,-36.110449294581606,-36.28734744589289,51.20427529082591,-83.23675463057543,11.157374562461252,-0.7066673347930551,35.40378195978855,3,2,3
heatwave,validation,미용서비스,4,-23.823687581920467,-19.29660780170728,21.966776048619042,-44.25274175480932,-7.01629723320216,2.492541976390487,26.316229558310955,4,1,1
heatwave,validation,미용실,4,2.181300528857587,-4.657271035167631,30.102105867929385,-22.117650864055985,31.951109172991345,5.091628201171336,2.910327672313747,2,0,2
heatwave,validation,방문판매/다단계판매,4,139.71151272985594,91.28520874197653,188.52809324457974,-7.339695900483768,325.5037645504992,9.755199665215148,-129.9563130646408,1,0,3
heatwave,validation,백화점,2,-24.449104086188008,-24.449104086188008,11.224494432158776,-30.7986369888841,-18.099571183491914,1.879424808982706,26.328528895170713,2,0,0
heatwave,validation,법률/사무서비스,2,23.777149461546436,23.777149461546436,38.58069174622708,1.95261445624641,45.601684466846464,4.624423306461523,-19.152726155084913,1,0,1
heatwave,validation,보건소,4,-3.517510525881181,-5.102660838639638,35.19923007652722,-35.486621661319504,29.71972085976391,-7.1282418939605705,-3.6107313680793913,2,2,2
heatwave,validation,보험,2,-26.12759536323005,-26.12759536323005,20.357864096578474,-37.64374236576188,-14.611448360698219,5.424245123076428,31.551840486306478,2,0,0
heatwave,validation,부동산중개,2,140.4280195083982,140.4280195083982,200.8744120285629,26.796292378592288,254.05974663820413,-3.3562353919226062,-143.7842549003208,1,1,2
heatwave,validation,사무기기/문구용품,4,3.9077925922775747,4.39129075927748,12.409569506501693,-7.717522750519043,15.14630940147427,3.528718605092555,-0.37907398718501906,2,1,1
heatwave,validation,상품권/복권,4,-31.89139235715446,-31.138084293593373,45.55736904733293,-74.30208290832718,9.916651743169403,-35.659955988575774,-3.7685636314213173,3,4,3
heatwave,validation,생활잡화/수입상품점,4,-5.06217532545128,-5.379897258726167,16.742985318748477,-20.194548641073673,10.324375536791027,4.508207142785778,9.570382468237058,2,0,2
heatwave,validation,서점,4,5.632564683678533,-0.4828752960171876,37.83307824298329,-26.369090293994425,42.52657164510807,3.2178356494316858,-2.4147290342468466,2,1,3
heatwave,validation,세탁소,4,-7.462708160824413,-5.701990210606676,14.712161021363714,-21.724911130135443,5.390920448312429,1.9400586047265673,9.40276676555098,2,1,3
heatwave,validation,쇼핑몰,2,23.808794776759687,23.808794776759687,3.8297306158873847,21.642371985870323,25.97521756764905,5.870133129572201,-17.938661647187487,0,0,2
heatwave,validation,수입자동차,2,-50.87759160883755,-50.87759160883755,6.020157776982135,-54.28310711917114,-47.47207609850395,-0.14276346711538723,50.73482814172216,2,1,1
heatwave,validation,수제용품점,4,24.05006174249499,-47.353382917751475,153.95464646268934,-59.10258785663269,164.32546706981992,-4.488793015514811,-28.5388547580098,3,2,3
heatwave,validation,스포츠/레저용품,4,-16.62724430798162,-16.193083706796997,17.98555128607848,-33.30264591466585,-0.29917118224508155,4.564925684789542,21.192169992771163,3,0,1
heatwave,validation,스포츠시설,4,-5.830785438239262,-6.7906079567123365,22.281819557735542,-25.74974359180238,14.856030730102319,17.281737415095545,23.112522853334806,3,0,1
heatwave,validation,시계/귀금속,4,-33.328851641681254,-39.635473754122174,22.772206764859796,-50.53718107421274,-11.075224519197027,2.129272251054867,35.458123892736126,4,1,1
heatwave,validation,실내/실외골프장,4,-5.223132936524374,-9.762745874012428,21.64778217705154,-22.56608189902305,15.751506375964752,-5.412098987509192,-0.1889660509848179,3,4,3
heatwave,validation,싸우나/목욕탕,4,-21.89894158769479,-24.954460645276836,16.743032930127715,-35.80851470010124,-5.544953229222695,-0.29269144508549183,21.606250142609298,3,2,1
heatwave,validation,악기/음반,4,139.24282390984575,97.9602614592147,205.62901900934304,-30.7053714995712,342.21706927976754,-1.4866433964129349,-140.72946730625867,2,2,2
heatwave,validation,안마/마사지,4,-3.8196897975566872,-1.2357556660072708,37.83640965936927,-39.947773093956535,30.241246193603633,0.3561775005464675,4.175867298103155,2,2,4
heatwave,validation,애완동물,4,-2.3778628679698834,-19.905220793347393,57.90448322451293,-45.96485316624815,55.2310137706104,0.5052380932384382,2.8831009612083194,2,2,0
heatwave,validation,약국,4,13.90288305201435,18.87251539801359,13.048819701871652,1.3563969341780568,22.473663293051246,5.88474501068279,-8.018138041331557,1,0,3
heatwave,validation,양식,4,-27.95052079131131,-30.035003487467332,4.7615139006736005,-30.733532153175176,-23.49992327252262,4.779361794398724,32.72988258571003,4,0,0
heatwave,validation,여행사/항공사,3,2.1034344372243226,-14.843385288702446,53.311354477100785,-35.50830983337043,46.49390659818979,4.046229608127663,1.9427951709033404,2,0,1
heatwave,validation,연구/번역서비스,4,48.85564678122238,50.80296632992946,49.42272587593841,2.0754639029823867,94.07797402049673,3.978746302771776,-44.87690047845061,1,0,3
heatwave,validation,영화/공연,4,-8.668148537366411,-14.868253503753923,19.536526439517903,-23.12213231777743,10.745919216154622,1.1355432493334519,9.803691786699863,3,1,2
heatwave,validation,예식장/결혼서비스,4,-50.43484962778167,-55.11120924658566,23.247271929334588,-68.88732855417334,-28.241283006346805,-28.14721434159405,22.287635286187623,4,4,4
heatwave,validation,오토바이,4,-28.828134841378784,-21.46240172626066,53.9009312831754,-81.15962887125121,17.610772696399163,-8.254065152847783,20.574069688531,3,2,1
heatwave,validation,완구/아동용자전거,4,-46.577812648324596,-37.873131431336404,23.11559411950202,-68.4575389656345,-31.661831304605233,0.2528501584665415,46.83066280679113,4,2,2
heatwave,validation,유치원,4,-79.00674922642119,-81.41320907214818,13.068178199267201,-89.75044978935637,-66.33788078690446,-23.91136561128234,55.095383615138864,4,4,4
heatwave,validation,유흥업소,4,-12.098705945834084,-22.73662831160198,36.052037255859084,-38.86091594330238,23.17384194424854,3.40369122038935,15.502397166223433,3,1,2
heatwave,validation,의복/의류,4,-15.846443628208847,-15.12918333449813,8.65017212772678,-24.16052930917934,-8.106166182206929,4.919921212008037,20.766364840216884,4,0,0
heatwave,validation,인테리어/건축자재/주방기구,4,14.891410499868815,1.3866310284153736,45.25741065468614,-19.246382586383945,59.83302716328434,5.42926226736564,-9.462148232503175,2,0,2
heatwave,validation,일반병원,4,21.625546940364554,24.951346056596485,13.070666867486347,8.841581344972473,31.748873242771094,6.1154539107611345,-15.510093029603421,0,0,4
heatwave,validation,일식,4,3.71461130593145,2.53668723972181,9.692817875975866,-4.6815636787353,13.053125543565912,4.9077648874883515,1.1931535815569014,2,0,2
heatwave,validation,자동차서비스,4,25.39821845218069,19.357352766128646,20.207704980700242,10.557190854753534,45.071938598449485,5.383328275620208,-20.01489017656048,0,1,3
heatwave,validation,자동차용품,4,4.263703427994231,-0.4543117188244865,20.263758645320927,-11.440013325595377,23.74183229903882,5.402006191781648,1.1383027637874172,2,0,2
heatwave,validation,장례식장/묘지/장의사,4,-35.824731689634014,-33.82076209070342,50.91176511634727,-82.74782351099397,9.495184452581478,-1.9975661969992842,33.82716549263473,3,1,0
heatwave,validation,전용매장,4,-12.587110230390232,-13.285925113404959,17.66106011305491,-28.66751040936841,4.052341854999728,-1.3688881815917562,11.218222048798477,3,1,2
heatwave,validation,정육점,4,-21.141191871876963,-19.55672540573471,11.852048488560527,-32.68646428635778,-10.86349263030994,4.981161631434586,26.122353503311547,4,0,0
heatwave,validation,제과점,4,-12.365030250538336,-8.498995638364027,12.30992526771788,-24.36957906939931,-3.4533091214168072,4.508207142785778,16.873237393324114,4,0,0
heatwave,validation,종합레저타운/놀이동산,2,-67.62887022807415,-67.62887022807415,20.57688855721297,-79.26891617569429,-55.98882428045402,-1.4790088051537986,66.14986142292035,2,1,1
heatwave,validation,종합병원,4,36.46955301174303,34.255303510616116,34.93465186772094,4.8914414041475816,69.81906422024001,5.78079986663116,-30.68875314511187,1,0,3
heatwave,validation,주류판매,4,1.023353999594212,-18.97901451030116,91.18662835933284,-66.72988252327775,84.7784853303825,-1.8411600392284349,-2.864514038822648,3,1,2
heatwave,validation,주유소,4,7.430373538466778,5.181338923411405,9.416947347320853,-0.11262601908577419,16.77260078806363,5.607936139841811,-1.8224373986249682,1,0,3
heatwave,validation,주차장,4,-7.521177369682124,-3.5637612165704025,37.30333152263813,-41.746417206665036,23.53812954481142,1.186653447515307,8.707830817197431,3,1,2
heatwave,validation,중고품판매점,4,-6.365077092840434,-9.614698928575221,18.01723890003596,-21.47871607372625,11.348259356633216,-1.4221587025026896,4.942918390337745,3,2,1
heatwave,validation,중식,4,-2.3548898504137896,1.955325789934875,12.86439114548928,-14.784092747174096,6.626140534067586,5.8169831655711235,8.171873015984913,2,0,2
heatwave,validation,체인점,4,5.859649712629589,4.787310817990351,12.324088629625384,-4.709091398846027,17.2862619398166,12.536524742547948,6.676875029918358,1,1,2
heatwave,validation,치과병원,4,32.79107262110944,32.33752142163122,22.722855179299522,12.401785924760993,53.54320027704047,5.88474501068279,-26.906327610426654,0,0,4
heatwave,validation,커피전문점,4,6.2740647125335745,5.221150633545578,3.3145376499869563,3.930716012747979,9.459744675509567,5.135615643027626,-1.1384490695059484,0,0,4
heatwave,validation,컴퓨터/소프트웨어,4,42.35917103520835,17.253025675087798,78.6875793304146,-14.748827737122085,119.55208609563525,4.01065044578514,-38.34852058942321,2,0,2
heatwave,validation,택시,4,15.822257459067128,21.269538945391034,49.30311564525638,-30.857267260432966,58.14395698950811,1.1647178088362609,-14.65753965023087,1,1,4
heatwave,validation,"통신요금(이동,시내전화)",2,-7.644563813792875,-7.644563813792875,37.65139606234187,-28.9434097952508,13.654282167665054,6.454259859741372,14.098823673534245,1,0,1
heatwave,validation,패션잡화,4,3.815135627881914,-7.415073678034394,33.73588256373759,-18.43280915984725,35.04724786034414,10.848136341394703,7.033000713512788,3,0,1
heatwave,validation,패스트푸드,4,-11.503548319322235,-12.169562136574914,12.895706495105907,-23.18634180884697,0.712056224004642,4.1188689122837765,15.622417231606011,3,0,1
heatwave,validation,편의점,4,-2.792587224223042,-3.616399189578708,7.237545766214495,-9.153569404179024,4.2274445280174735,5.436229150678512,8.228816374901555,3,0,1
heatwave,validation,학원/학습지,4,99.48592430560659,98.18018634031245,76.74643989613776,32.28287583570836,167.73356314774014,9.760492234844968,-89.72543207076163,0,0,4
heatwave,validation,한식,4,-1.842391918898701,-3.691136603535199,13.80170626216342,-13.649096069626129,11.443307979537927,5.275969294126101,7.118361213024802,2,0,2
heatwave,validation,한의원,4,22.153001503952677,17.602767710089957,15.348521333347179,11.193883294630186,36.75230674836534,3.1020828028516476,-19.05091870110103,0,1,3
heatwave,validation,할인점/슈퍼마켓/양판점,4,-5.807372373623816,-7.132236518546074,5.550383480693159,-10.210028563307267,-0.34482486800255807,5.465524753810095,11.272897127433911,3,0,1
heatwave,validation,헬스장,4,68.61990996242848,70.41683978223135,54.79907112709055,17.86975235256568,117.93252371644898,13.79366235869077,-54.8262476037377,0,0,4
heatwave,validation,호텔/콘도,4,-35.84148358641142,-26.625583026481728,36.31003832686261,-69.43897874137286,-9.61670887939372,1.9711588572150038,37.81264244362642,4,1,1
heatwave,validation,화원,4,28.08411938785051,20.489289789127653,39.48905199793184,-4.785958817350503,67.03006127202983,1.8332558187244747,-26.250863569126036,1,1,2
heatwave,validation,화장품,4,11.090522101898262,-0.001865224172774571,33.89628527654324,-12.636507389262642,43.691461453916006,2.742584867644768,-8.347937234253493,2,1,3
heatwave,validation,회계/변리서비스,4,15.351999398521611,6.280229679176884,70.85350237782397,-46.329429150235576,84.2908437227546,0.9656378841208704,-14.386361514400743,2,1,1
