disaster_type,split,episode_id,region,actual_mean_y1,predicted_mean_y1,actual_median_y1,actual_sd_y1,observation_rows,event_dates,error_y1
cold_wave,test,cold_wave|서울 강남구|20251102|01,서울 강남구,-14.688295575298405,-3.2435796434852953,-22.260130583202027,60.793832238134264,170,2,11.444715931813109
cold_wave,train,cold_wave|강원 춘천시|20251202|01,강원 춘천시,-4.7560795041645365,-14.674103734038773,-12.168503969230153,85.3734626254152,230,3,-9.918024229874238
cold_wave,train,cold_wave|강원 춘천시|20251225|02,강원 춘천시,4.705329710399965,-8.39132453625855,-4.717879628503366,86.890737057138,221,3,-13.096654246658515
cold_wave,train,cold_wave|서울 강남구|20251202|02,서울 강남구,3.6999367666904983,-4.517330331872169,0.7642389610384114,52.79355770586023,258,3,-8.217267098562667
cold_wave,train,cold_wave|서울 강남구|20251225|03,서울 강남구,-3.6564921812031366,-5.458089421232489,-9.920592221424986,70.32544954242256,252,3,-1.8015972400293525
cold_wave,validation,cold_wave|강원 춘천시|20251230|03,강원 춘천시,30.4017206250243,-12.189881647238668,10.402801887032291,94.37660011304644,153,2,-42.59160227226297
cold_wave,validation,cold_wave|서울 강남구|20251231|04,서울 강남구,31.445087759360927,-8.75679195159001,19.86212786844261,64.10758840272013,86,1,-40.201879710950934
heatwave,test,heatwave|강원 춘천시|20250816|04,강원 춘천시,-1.7926780306471866,-7.270128253612259,4.424392067803587,72.03557291582516,76,1,-5.477450222965072
heatwave,test,heatwave|서울 강남구|20250905|07,서울 강남구,5.239519877349151,1.894995408183828,3.0485103788150374,38.1259338957702,86,1,-3.3445244691653233
heatwave,train,heatwave|강원 춘천시|20250721|03,강원 춘천시,9.732427659608584,-4.857573187379875,-0.7845596857896577,99.01106906532364,1224,16,-14.59000084698846
heatwave,train,heatwave|강원 춘천시|20250818|05,강원 춘천시,8.428296018889162,-5.756790591436868,-9.006563435038007,95.75643275533031,382,5,-14.18508661032603
heatwave,train,heatwave|강원 춘천시|20250824|06,강원 춘천시,-11.429303842242113,-9.481781119044365,-15.455507078970962,63.026888325748345,145,2,1.947522723197748
heatwave,train,heatwave|강원 춘천시|20250829|07,강원 춘천시,20.88891530651306,-4.78210844979883,12.315212769887,86.93585258489074,153,2,-25.67102375631189
heatwave,train,heatwave|서울 강남구|20250723|03,서울 강남구,5.378602244119069,-0.7715490368864902,-0.4350301815284819,70.7030582744069,939,11,-6.150151281005559
heatwave,train,heatwave|서울 강남구|20250804|04,서울 강남구,5.10635119495145,3.2734143346011084,-2.023100875532507,53.73899743839998,172,2,-1.8329368603503413
heatwave,train,heatwave|서울 강남구|20250818|05,서울 강남구,2.421612339494337,1.5029360334389874,-3.875563165910023,60.42686908164901,685,8,-0.9186763060553498
heatwave,train,heatwave|서울 강남구|20250829|06,서울 강남구,34.61832236169661,3.2090655867288347,16.588520474266254,82.28048687844445,86,1,-31.40925677496778
heatwave,validation,heatwave|강원 춘천시|20250701|01,강원 춘천시,10.914421840431343,0.7025115316039032,-15.060634341605788,94.03510561128645,77,1,-10.21191030882744
heatwave,validation,heatwave|강원 춘천시|20250707|02,강원 춘천시,-7.029048252355532,-1.0202173323183938,-15.813918627545918,65.5127124974426,230,3,6.008830920037139
heatwave,validation,heatwave|서울 강남구|20250701|01,서울 강남구,11.801754532887719,4.514596647938324,7.66566734236615,52.950630188926716,86,1,-7.287157884949394
heatwave,validation,heatwave|서울 강남구|20250706|02,서울 강남구,-4.765995911681853,2.872097084780692,-6.737570775781434,63.20218259868702,598,7,7.638092996462545
