disaster_type,split,region,episode_count,mean_episode_actual_y1,median_episode_actual_y1,sd_episode_actual_y1,p10_episode_actual_y1,p90_episode_actual_y1,mean_episode_predicted_y1,mean_episode_error_y1,episodes_actual_negative,episodes_predicted_negative,episodes_sign_agree
cold_wave,test,서울 강남구,1,-14.688295575298405,-14.688295575298405,,-14.688295575298405,-14.688295575298405,-3.2435796434852953,11.444715931813109,1,1,1
cold_wave,train,강원 춘천시,2,-0.025374896882285558,-0.025374896882285558,6.690226615199446,-3.8099385827080865,3.7591887889435154,-11.532714135148662,-11.507339238266376,1,2,1
cold_wave,train,서울 강남구,2,0.02172229274368087,0.02172229274368087,5.201780794372609,-2.920849286413773,2.964293871901135,-4.987709876552329,-5.0094321692960095,1,2,1
cold_wave,validation,강원 춘천시,1,30.4017206250243,30.4017206250243,,30.4017206250243,30.4017206250243,-12.189881647238668,-42.59160227226297,0,1,0
cold_wave,validation,서울 강남구,1,31.445087759360927,31.445087759360927,,31.445087759360927,31.445087759360927,-8.75679195159001,-40.201879710950934,0,1,0
heatwave,test,강원 춘천시,1,-1.7926780306471866,-1.7926780306471866,,-1.7926780306471866,-1.7926780306471866,-7.270128253612259,-5.477450222965072,1,1,1
heatwave,test,서울 강남구,1,5.239519877349151,5.239519877349151,,5.239519877349151,5.239519877349151,1.894995408183828,-3.3445244691653233,0,0,1
heatwave,train,강원 춘천시,4,6.905083785692173,9.080361839248873,13.441370993848148,-5.47202388390273,17.54196901244172,-6.219563336914985,-13.124647122607158,1,4,1
heatwave,train,서울 강남구,4,11.881222035065367,5.24247671953526,15.216689148230948,3.227033996131471,25.846406326423356,1.8034667294706102,-10.077755305594758,0,1,3
heatwave,validation,강원 춘천시,2,1.9426867940379053,1.9426867940379053,12.687949380627607,-5.234701243076845,9.120074831152657,-0.1588529003572453,-2.1015396943951505,1,1,2
heatwave,validation,서울 강남구,2,3.517879310602933,3.517879310602933,11.715168688361581,-3.1092208672248955,10.144979488430762,3.693346866359508,0.17546755575657524,1,0,1
