episode_id,hazard,region,start_date,end_date,days,weeks
heatwave|강원 춘천시|20250701|01,heatwave,강원 춘천시,2025-07-01,2025-07-01,1,2025-06-30
heatwave|강원 춘천시|20250707|02,heatwave,강원 춘천시,2025-07-07,2025-07-09,3,2025-07-07
heatwave|강원 춘천시|20250721|03,heatwave,강원 춘천시,2025-07-21,2025-08-05,16,2025-07-21|2025-07-28|2025-08-04
heatwave|강원 춘천시|20250816|04,heatwave,강원 춘천시,2025-08-16,2025-08-16,1,2025-08-11
heatwave|강원 춘천시|20250818|05,heatwave,강원 춘천시,2025-08-18,2025-08-22,5,2025-08-18
heatwave|강원 춘천시|20250824|06,heatwave,강원 춘천시,2025-08-24,2025-08-25,2,2025-08-18|2025-08-25
heatwave|강원 춘천시|20250829|07,heatwave,강원 춘천시,2025-08-29,2025-08-30,2,2025-08-25
heatwave|서울 강남구|20250701|01,heatwave,서울 강남구,2025-07-01,2025-07-01,1,2025-06-30
heatwave|서울 강남구|20250706|02,heatwave,서울 강남구,2025-07-06,2025-07-12,7,2025-06-30|2025-07-07
heatwave|서울 강남구|20250723|03,heatwave,서울 강남구,2025-07-23,2025-08-02,11,2025-07-21|2025-07-28
heatwave|서울 강남구|20250804|04,heatwave,서울 강남구,2025-08-04,2025-08-05,2,2025-08-04
heatwave|서울 강남구|20250818|05,heatwave,서울 강남구,2025-08-18,2025-08-25,8,2025-08-18|2025-08-25
heatwave|서울 강남구|20250829|06,heatwave,서울 강남구,2025-08-29,2025-08-29,1,2025-08-25
heatwave|서울 강남구|20250905|07,heatwave,서울 강남구,2025-09-05,2025-09-05,1,2025-09-01
cold_wave|강원 춘천시|20251202|01,cold_wave,강원 춘천시,2025-12-02,2025-12-04,3,2025-12-01
cold_wave|강원 춘천시|20251225|02,cold_wave,강원 춘천시,2025-12-25,2025-12-27,3,2025-12-22
cold_wave|강원 춘천시|20251230|03,cold_wave,강원 춘천시,2025-12-30,2025-12-31,2,2025-12-29
cold_wave|서울 강남구|20251102|01,cold_wave,서울 강남구,2025-11-02,2025-11-03,2,2025-10-27|2025-11-03
cold_wave|서울 강남구|20251202|02,cold_wave,서울 강남구,2025-12-02,2025-12-04,3,2025-12-01
cold_wave|서울 강남구|20251225|03,cold_wave,서울 강남구,2025-12-25,2025-12-27,3,2025-12-22
cold_wave|서울 강남구|20251231|04,cold_wave,서울 강남구,2025-12-31,2025-12-31,1,2025-12-29
