hazard,model,split,n,MAE,RMSE,R2,train_mean_baseline_MAE,train_mean_baseline_RMSE,train_mean_baseline_R2
heatwave,Linear Regression,train,3786,44.03454741297598,79.51535722302641,0.06606537421149328,45.13243898099472,82.27971443454977,0.0
heatwave,Linear Regression,validation,991,41.69043931188475,68.86962064812113,-0.08875951054296416,40.408197750902964,66.73052821883455,-0.022176060104428297
heatwave,Linear Regression,test,162,43.79990178756588,72.58650642769308,-0.6582258036471913,36.89548107819823,56.6124517550707,-0.008685568384827924
heatwave,Ridge,train,3786,43.873999430784416,79.6104349834408,0.06383059835615279,45.13243898099472,82.27971443454977,0.0
heatwave,Ridge,validation,991,41.244250648089896,68.30240072563838,-0.0708990112797232,40.408197750902964,66.73052821883455,-0.022176060104428297
heatwave,Ridge,test,162,42.38688167818907,70.13220127793898,-0.5479852607495368,36.89548107819823,56.6124517550707,-0.008685568384827924
heatwave,Random Forest,train,3786,23.56012672694184,52.39147000507242,0.594551575912422,45.13243898099472,82.27971443454977,0.0
heatwave,Random Forest,validation,991,40.13711008247009,66.5441694310181,-0.01647475657367603,40.408197750902964,66.73052821883455,-0.022176060104428297
heatwave,Random Forest,test,162,43.12208298942937,64.55534167053806,-0.31158441711293405,36.89548107819823,56.6124517550707,-0.008685568384827924
heatwave,Gradient Boosting,train,3786,39.32372934862113,80.16311180250356,0.050787205531928836,45.13243898099472,82.27971443454977,0.0
heatwave,Gradient Boosting,validation,991,36.54958566858924,64.22872967637566,0.05303212709708127,40.408197750902964,66.73052821883455,-0.022176060104428297
heatwave,Gradient Boosting,test,162,34.38014319213195,53.38466634041403,0.10305679222298825,36.89548107819823,56.6124517550707,-0.008685568384827924
cold_wave,Linear Regression,train,961,41.115605329488446,69.06256916719174,0.1359407820814491,43.82954994591583,74.29694842334747,0.0
cold_wave,Linear Regression,validation,239,54.265546546994344,87.8258516524144,-0.08234338911162187,54.82565445799788,89.8617069367125,-0.13310369761809593
cold_wave,Linear Regression,test,170,94.85736596394274,114.0146876325216,-2.538056621171458,44.3791603467037,62.36391546748144,-0.05854645908446199
cold_wave,Ridge,train,961,41.227731273149885,70.42634750641766,0.10147869807710963,43.82954994591583,74.29694842334747,0.0
cold_wave,Ridge,validation,239,53.75924404326235,88.05820883077551,-0.08807798615323925,54.82565445799788,89.8617069367125,-0.13310369761809593
cold_wave,Ridge,test,170,58.602923419911725,76.17107829121969,-0.5791499922707313,44.3791603467037,62.36391546748144,-0.05854645908446199
cold_wave,Random Forest,train,961,25.831716232390313,50.542448357182224,0.5372242438789041,43.82954994591583,74.29694842334747,0.0
cold_wave,Random Forest,validation,239,52.55249850495232,87.51334038761378,-0.0746544750529794,54.82565445799788,89.8617069367125,-0.13310369761809593
cold_wave,Random Forest,test,170,43.29177261072623,56.82883676390636,0.12101652901905602,44.3791603467037,62.36391546748144,-0.05854645908446199
cold_wave,Gradient Boosting,train,961,36.41312277794519,67.25985144769669,0.18046056763043394,43.82954994591583,74.29694842334747,0.0
cold_wave,Gradient Boosting,validation,239,55.1335773006524,92.30980253811744,-0.1956827755276549,54.82565445799788,89.8617069367125,-0.13310369761809593
cold_wave,Gradient Boosting,test,170,40.55782251231851,55.85580347088885,0.1508590561956572,44.3791603467037,62.36391546748144,-0.05854645908446199
